date,series,level,smooth12,z_vs_gm
1990-01-01,VIX,23.347272727272728,,
1990-02-01,VIX,23.262631578947367,,
1990-03-01,VIX,20.062272727272727,,
1990-04-01,VIX,21.4035,,
1990-05-01,VIX,18.097727272727273,,
1990-06-01,VIX,16.82238095238095,,
1990-07-01,VIX,18.392857142857142,,
1990-08-01,VIX,28.175217391304347,,
1990-09-01,VIX,29.10736842105263,,
1990-10-01,VIX,29.625652173913043,,
1990-11-01,VIX,24.885714285714286,,
1990-12-01,VIX,23.363,23.045466222786875,0.777372484005828
1991-01-01,VIX,27.429090909090913,23.38561773793839,0.8409312432390552
1991-02-01,VIX,21.59842105263158,23.24693352741207,0.8150175078780173
1991-03-01,VIX,17.9185,23.068285800139346,0.7816364192174754
1991-04-01,VIX,17.37272727272727,22.732388072866616,0.7188724983653045
1991-05-01,VIX,16.93227272727273,22.635266860745407,0.700724986263524
1991-06-01,VIX,17.134999999999998,22.661318448046995,0.7055928362985516
1991-07-01,VIX,17.294090909090908,22.56975459523314,0.6884837404508667
1991-08-01,VIX,15.681363636363637,21.52860011565475,0.49393959190388054
1991-09-01,VIX,16.9565,20.516027747233696,0.30473613255128806
1991-10-01,VIX,16.36391304347826,19.410882819697466,0.09823509628276057
1991-11-01,VIX,17.773500000000002,18.818198295887942,-0.012510531098289977
1991-12-01,VIX,18.347619047619048,18.40024988318953,-0.09060597195727066
1992-01-01,VIX,17.68318181818182,17.588090792280436,-0.24236135689264166
1992-02-01,VIX,17.47736842105263,17.24466973964886,-0.3065310431282275
1992-03-01,VIX,17.520454545454545,17.211499285103404,-0.31272908382539216
1992-04-01,VIX,16.562857142857144,17.14401010761423,-0.32533972406014855
1992-05-01,VIX,15.077000000000002,16.98940404700817,-0.3542285249160883
1992-06-01,VIX,15.203181818181816,16.828419198523317,-0.3843092294529726
1992-07-01,VIX,13.601818181818182,16.520729804583922,-0.44180230308899776
1992-08-01,VIX,14.421904761904763,16.415774898379016,-0.4614135742922207
1992-09-01,VIX,13.696666666666667,16.14412212060124,-0.5121730527267775
1992-10-01,VIX,17.63681818181818,16.250197548796233,-0.4923524072176607
1992-11-01,VIX,14.4245,15.971114215462899,-0.5445003166028025
1992-12-01,VIX,12.191363636363635,15.458092931191615,-0.6403605284086952
1993-01-01,VIX,12.409,15.018577779676464,-0.7224858062633701
1993-02-01,VIX,13.72157894736842,14.705595323536114,-0.7809679111135799
1993-03-01,VIX,13.60608695652174,14.37939802445838,-0.8419192656456203
1993-04-01,VIX,12.840952380952379,14.069239294299647,-0.8998737452705645
1993-05-01,VIX,13.606,13.946655960966316,-0.9227789631581554
1993-06-01,VIX,12.524090909090908,13.72339838520874,-0.9644955919911892
1993-07-01,VIX,11.50047619047619,13.548286552596908,-0.9972159836757799
1993-08-01,VIX,11.928636363636365,13.340514186074541,-1.0360391352152656
1993-09-01,VIX,12.931428571428572,13.2767443448047,-1.047954801637641
1993-10-01,VIX,11.875238095238094,12.796612670923025,-1.1376694496729396
1993-11-01,VIX,14.083809523809524,12.76822179790715,-1.1429744052061621
1993-12-01,VIX,11.356363636363637,12.698638464573818,-1.155976347378928
1994-01-01,VIX,11.29047619047619,12.605428147113502,-1.1733930921577187
1994-02-01,VIX,13.64421052631579,12.59898077869245,-1.1745978104050534
1994-03-01,VIX,15.223478260869564,12.7337633873881,-1.1494131059621018
1994-04-01,VIX,16.471052631578946,13.036271741606983,-1.0928881316627121
1994-05-01,VIX,13.897142857142857,13.060533646368887,-1.0883546914320712
1994-06-01,VIX,13.408636363636363,13.134245767581008,-1.0745812676605946
1994-07-01,VIX,12.4845,13.216247751707991,-1.0592588476988543
1994-08-01,VIX,11.889130434782608,13.212955590970177,-1.059874001953271
1994-09-01,VIX,13.233333333333333,13.23811432112891,-1.0551729860778594
1994-10-01,VIX,15.245238095238093,13.518947654462243,-1.0026980817398696
1994-11-01,VIX,16.383809523809525,13.71061432112891,-0.9668843488088976
1994-12-01,VIX,14.177142857142858,13.945679256193843,-0.9229614646044533
1995-01-01,VIX,12.274285714285714,14.027663383177972,-0.9076423813259047
1995-02-01,VIX,11.47,13.846479172651655,-0.9414974226846796
1995-03-01,VIX,12.166521739130435,13.591732795840059,-0.9890978680982272
1995-04-01,VIX,12.442631578947369,13.256031041454095,-1.0518251705819022
1995-05-01,VIX,12.265909090909092,13.120094894267949,-1.0772254186044588
1995-06-01,VIX,11.896818181818183,12.994110045783101,-1.100766224084382
1995-07-01,VIX,12.514,12.996568379116434,-1.1003068740315718
1995-08-01,VIX,12.798260869565217,13.072329248681653,-1.0861506329051702
1995-09-01,VIX,12.057,12.974301470903873,-1.104467540660736
1995-10-01,VIX,14.357272727272727,12.90030435690676,-1.1182942165478071
1995-11-01,VIX,12.46904761904762,12.574074198176602,-1.1792517110458447
1995-12-01,VIX,11.7485,12.371687293414697,-1.2170685661199436
1996-01-01,VIX,13.473636363636365,12.471633180860584,-1.1983932514041036
1996-02-01,VIX,15.032999999999998,12.768549847527249,-1.142913107737559
1996-03-01,VIX,17.76238095238095,13.234871448631461,-1.0557789306146568
1996-04-01,VIX,16.575238095238095,13.57925532498902,-0.991429336665426
1996-05-01,VIX,16.14636363636364,13.902626537110235,-0.9310060485168663
1996-06-01,VIX,16.395,14.277475021958717,-0.8609640127293373
1996-07-01,VIX,17.978636363636365,14.732861385595081,-0.775873131297967
1996-08-01,VIX,15.760454545454547,14.97971085858586,-0.7297482559944385
1996-09-01,VIX,16.578,15.35646085858586,-0.6593509140027317
1996-10-01,VIX,16.38173913043478,15.525166392182696,-0.627827566572049
1996-11-01,VIX,15.997,15.819162423928729,-0.5728931559787374
1996-12-01,VIX,19.260952380952382,16.445200122341426,-0.45591534587957494
1997-01-01,VIX,19.473181818181818,16.945162243553547,-0.36249529430726246
1997-02-01,VIX,20.139473684210525,17.37070171723776,-0.28298143137449955
1997-03-01,VIX,20.169999999999998,17.57133663787268,-0.245491941995826
1997-04-01,VIX,19.662272727272725,17.828589523875564,-0.19742314466523922
1997-05-01,VIX,19.924761904761905,18.143456046242086,-0.138588994016864
1997-06-01,VIX,20.194285714285712,18.46006318909923,-0.0794296010169132
1997-07-01,VIX,20.529090909090908,18.672601067887108,-0.039715993215394756
1997-08-01,VIX,23.084761904761905,19.282960014496055,0.07433217533703476
1997-09-01,VIX,23.812380952380952,19.885825093861133,0.18698008288028803
1997-10-01,VIX,23.87086956521739,20.509919296759687,0.30359474256573205
1997-11-01,VIX,32.03473684210526,21.846397366935122,0.5533213617311098
1997-12-01,VIX,26.276363636363637,22.431014971552727,0.6625596509059946
1998-01-01,VIX,23.8665,22.797124820037578,0.7309688352731342
1998-02-01,VIX,19.998947368421053,22.785414293721786,0.728780673558587
1998-03-01,VIX,20.158636363636365,22.784467324024817,0.728603728237782
1998-04-01,VIX,22.02857142857143,22.981658882466377,0.7654498107261378
1998-05-01,VIX,20.874000000000002,23.060762057069553,0.780230575782991
1998-06-01,VIX,21.66272727272727,23.183132186939684,0.8030959556954984
1998-07-01,VIX,19.930000000000003,23.133207944515437,0.7937673983826475
1998-08-01,VIX,31.58809523809524,23.841819055626548,0.9261744023057054
1998-09-01,VIX,38.2047619047619,25.041184134991624,1.150280875205436
1998-10-01,VIX,36.60818181818182,26.10262682273866,1.348615961851552
1998-11-01,VIX,26.223000000000003,25.61831541922989,1.2581203135349226
1998-12-01,VIX,25.479090909090907,25.5518760252905,1.2457058298272305
1999-01-01,VIX,28.035263157894736,25.899272955115055,1.310618425648672
1999-02-01,VIX,28.82263157894737,26.634579972658916,1.448013673380422
1999-03-01,VIX,25.309565217391306,27.063824043805166,1.5282197561259963
1999-04-01,VIX,23.478571428571428,27.184657377138503,1.5507979790607402
1999-05-01,VIX,26.204500000000003,27.628865710471832,1.633800197925325
1999-06-01,VIX,23.626363636363635,27.792502074108196,1.6643763493604633
1999-07-01,VIX,21.04904761904762,27.88575604236216,1.6818012504759459
1999-08-01,VIX,24.323636363636364,27.28038446949059,1.568684993946424
1999-09-01,VIX,24.541428571428572,26.14177335837948,1.3559306587521425
1999-10-01,VIX,24.021428571428572,25.09287725448338,1.159939954731592
1999-11-01,VIX,21.81809523809524,24.72580185765798,1.0913503535449722
1999-12-01,VIX,22.15909090909091,24.449135190991313,1.0396540086185253
2000-01-01,VIX,23.202,24.04636326116675,0.9643943582176775
2000-02-01,VIX,23.5955,23.61076896292114,0.8830017084944294
2000-03-01,VIX,22.718260869565217,23.394826933935633,0.8426520207309904
2000-04-01,VIX,27.164210526315788,23.701963525414328,0.9000418008729753
2000-05-01,VIX,26.37318181818182,23.716020343596142,0.9026683772150068
2000-06-01,VIX,21.54,23.542156707232508,0.8701812163151728
2000-07-01,VIX,19.893,23.44581940564521,0.8521801812351484
2000-08-01,VIX,18.088695652173914,22.92624101302334,0.7550947458087305
2000-09-01,VIX,19.6875,22.52174696540429,0.6795133103638787
2000-10-01,VIX,25.2,22.61996125111857,0.6978650679216741
2000-11-01,VIX,26.38285714285714,23.000358076515397,0.7689438347697692
2000-12-01,VIX,26.5305,23.364642167424492,0.8370118685583969
2001-01-01,VIX,24.918571428571425,23.50768978647211,0.8637409253843943
2001-02-01,VIX,23.411578947368422,23.492363032086143,0.8608770560542501
2001-03-01,VIX,28.49681818181818,23.97390947477389,0.9508560596661388
2001-04-01,VIX,28.133999999999997,24.054725264247576,0.9659568341051802
2001-05-01,VIX,22.944090909090907,23.768967688489997,0.9125618140990029
2001-06-01,VIX,20.94047619047619,23.71900737102968,0.9032265160120269
2001-07-01,VIX,22.316190476190474,23.92093991071222,0.9409584710360103
2001-08-01,VIX,21.86173913043478,24.235360200567296,0.9997092412392199
2001-09-01,VIX,35.065333333333335,25.516846311678407,1.2391603786553071
2001-10-01,VIX,32.72130434782609,26.143621673997245,1.3562760243968734
2001-11-01,VIX,26.63095238095238,26.164296277171847,1.3601391620484333
2001-12-01,VIX,23.72,25.930087943838515,1.3163763375256088
2002-01-01,VIX,22.252857142857142,25.70794508669566,1.2748679986130662
2002-02-01,VIX,22.87578947368421,25.663295963888643,1.2665251198662177
2002-03-01,VIX,18.985,24.870644448737128,1.1184148085394343
2002-04-01,VIX,19.900454545454547,24.184515660858338,0.990208722459386
2002-05-01,VIX,20.087727272727275,23.94648535782804,0.9457317466217919
2002-06-01,VIX,25.271,24.307362341955017,1.013163147998096
2002-07-01,VIX,34.04954545454546,25.285141923484602,1.1958654269455304
2002-08-01,VIX,33.74272727272727,26.275224268675643,1.3808665296777523
2002-09-01,VIX,37.6475,26.490404824231195,1.4210739328878639
2002-10-01,VIX,35.24304347826087,26.70054975176743,1.4603404075569832
2002-11-01,VIX,28.175,26.829220386688064,1.484383063670581
2002-12-01,VIX,28.21047619047619,27.203426735894414,1.5543051136786696
2003-01-01,VIX,27.424285714285713,27.634379116846798,1.6348304013868187
2003-02-01,VIX,32.21842105263158,28.412931748425745,1.780306276274161
2003-03-01,VIX,30.634285714285717,29.38370555794955,1.9616994968863417
2003-04-01,VIX,23.99190476190476,29.72465974265374,2.0254082383438714
2003-05-01,VIX,20.23952380952381,29.737309454053445,2.0277718907911213
2003-06-01,VIX,20.362380952380953,29.32825786675186,1.951338859647073
2003-07-01,VIX,19.161363636363635,28.087576048570043,1.719512178140935
2003-08-01,VIX,19.274285714285714,26.88187258536658,1.494221351227281
2003-09-01,VIX,19.532380952380954,25.372279331398328,1.212147422712414
2003-10-01,VIX,18.023478260869567,23.937315563282382,0.9440183314588876
2003-11-01,VIX,17.40105263157895,23.03948661591396,0.7762551689958521
2003-12-01,VIX,16.826363636363638,22.090810569737915,0.598991009574498
2004-01-01,VIX,16.101,21.147203426880775,0.4226739963255767
2004-02-01,VIX,15.99842105263158,19.795536760214105,0.17010932322106814
2004-03-01,VIX,17.687391304347827,18.71662889271928,-0.031489206641110754
2004-04-01,VIX,15.69857142857143,18.02551778160817,-0.16062626103568883
2004-05-01,VIX,17.705000000000002,17.814307464147856,-0.2000918083493732
2004-06-01,VIX,15.357142857142858,17.39720428954468,-0.2780293128705845
2004-07-01,VIX,15.502380952380953,17.092289065879456,-0.3350040209763267
2004-08-01,VIX,16.68409090909091,16.87643949877989,-0.3753364318426036
2004-09-01,VIX,14.08095238095238,16.422153784494174,-0.4602216522553928
2004-10-01,VIX,14.973809523809523,16.168014723072506,-0.5077086182019156
2004-11-01,VIX,13.577142857142857,15.84935557520283,-0.5672514370774759
2004-12-01,VIX,12.459545454545456,15.485454060051312,-0.6352479849564981
2005-01-01,VIX,13.437999999999999,15.263537393384647,-0.6767140592152713
2005-02-01,VIX,11.708947368421052,14.90608125303377,-0.7435062613634229
2005-03-01,VIX,13.126363636363635,14.525995614035088,-0.8145268817077536
2005-04-01,VIX,14.459047619047618,14.422701963241437,-0.8338277402624783
2005-05-01,VIX,13.967619047619047,14.111253550543024,-0.8920232025624234
2005-06-01,VIX,11.868636363636364,13.820544676084149,-0.9463433938173816
2005-07-01,VIX,11.049,13.449429596719071,-1.0156878268906204
2005-08-01,VIX,12.951304347826087,13.138364049947,-1.0738117490616903
2005-09-01,VIX,12.628095238095238,13.017292621375574,-1.0964344611056642
2005-10-01,VIX,14.937619047619048,13.014276748359698,-1.096997989822591
2005-11-01,VIX,12.147619047619047,12.895149764232714,-1.1192573741411787
2005-12-01,VIX,11.26,12.795187643020595,-1.137935722205375
2006-01-01,VIX,12.036,12.67835430968726,-1.1597665281050376
2006-02-01,VIX,12.471052631578948,12.741863081617085,-1.1478996436006788
2006-03-01,VIX,11.69391304347826,12.622492198876637,-1.1702046014139003
2006-04-01,VIX,11.84736842105263,12.404852265710389,-1.2108715498044949
2006-05-01,VIX,14.454545454545455,12.44542946628759,-1.2032895270676685
2006-06-01,VIX,16.918636363636363,12.866262799620921,-1.124655026501839
2006-07-01,VIX,15.325999999999999,13.22267946628759,-1.0580570544384613
2006-08-01,VIX,13.351739130434783,13.25604903150498,-1.0518218090642788
2006-09-01,VIX,12.1845,13.219082761663708,-1.0587291140149724
2006-10-01,VIX,11.306363636363637,12.916478144059093,-1.1152720755379495
2006-11-01,VIX,10.817619047619049,12.80564481072576,-1.13598175588499
2006-12-01,VIX,10.9645,12.78101981072576,-1.140583042007208
2007-01-01,VIX,11.0425,12.698228144059094,-1.1560530175145651
2007-02-01,VIX,11.155263157894737,12.588579021252079,-1.1765414230814824
2007-03-01,VIX,15.162727272727272,12.877646873689494,-1.1225278637799696
2007-04-01,VIX,12.933000000000002,12.968116171935108,-1.1056232901148173
2007-05-01,VIX,13.297727272727274,12.871714656783594,-1.1236363237727862
2007-06-01,VIX,14.947619047619046,12.70746321378215,-1.1543274054067714
2007-07-01,VIX,17.273333333333333,12.869740991559928,-1.124005111525215
2007-08-01,VIX,25.02608695652174,13.842603310400508,-0.9422216440527136
2007-09-01,VIX,22.198947368421056,14.677140591102264,-0.7862847990510139
2007-10-01,VIX,19.115652173913045,15.327914635898047,-0.6646848972837548
2007-11-01,VIX,25.58238095238095,16.558311461294874,-0.4347800104809134
2007-12-01,VIX,21.651,17.448853127961538,-0.26837850745185576
2008-01-01,VIX,25.816190476190474,18.679994000977413,-0.0383345921826675
2008-02-01,VIX,25.456,19.87172207115285,0.18434487302571115
2008-03-01,VIX,27.103500000000004,20.866786465092243,0.3702768927839639
2008-04-01,VIX,21.562727272727273,21.58593040448618,0.5046520005285641
2008-05-01,VIX,18.303333333333335,22.00306424287002,0.5825952347077822
2008-06-01,VIX,22.11047619047619,22.59996900477478,0.6941294315499522
2008-07-01,VIX,24.32136363636364,23.18730486336064,0.8038756380552246
2008-08-01,VIX,20.695714285714285,22.826440474126684,0.7364465900883205
2008-09-01,VIX,30.23857142857143,23.496409145805885,0.8616330896342528
2008-10-01,VIX,61.17739130434782,27.00155407334212,1.516584346951476
2008-11-01,VIX,62.63947368421053,30.089645134327913,2.0936073131671327
2008-12-01,VIX,52.405,32.65247846766125,2.572483636018923
2009-01-01,VIX,44.683,34.224712594645375,2.8662622784298954
2009-02-01,VIX,45.57052631578947,35.90092312096117,3.1794693538675896
2009-03-01,VIX,44.79545454545455,37.37525266641571,3.454954108266636
2009-04-01,VIX,38.063809523809525,38.7503428540059,3.711895566011099
2009-05-01,VIX,31.977999999999998,39.889898409561454,3.9248263746719974
2009-06-01,VIX,29.140454545454546,40.47572993914298,4.034291490896218
2009-07-01,VIX,26.162727272727274,40.62917690883995,4.062963710679493
2009-08-01,VIX,25.337142857142858,41.01596262312567,4.135236268625287
2009-09-01,VIX,24.92666666666667,40.57330389296694,4.052523599713281
2009-10-01,VIX,24.252272727272725,37.49621067821068,3.477555627902913
2009-11-01,VIX,23.7835,34.25821287119314,2.872521947772827
2009-12-01,VIX,21.239545454545453,31.661091659071925,2.3872387887453224
2010-01-01,VIX,20.643157894736845,29.657771483633326,2.012909882284177
2010-02-01,VIX,22.54,27.738560957317535,1.6542972219653027
2010-03-01,VIX,17.767391304347825,25.486222353891975,1.233438161722511
2010-04-01,VIX,17.424285714285716,23.76626203643166,0.9120562514891518
2010-05-01,VIX,31.9295,23.762220369764993,0.9113010488599553
2010-06-01,VIX,29.916363636363634,23.826879460674082,0.923382875364534
2010-07-01,VIX,25.565238095238094,23.777088695883318,0.91407925891595
2010-08-01,VIX,24.74590909090909,23.727819215363837,0.9048730466534851
2010-09-01,VIX,22.517619047619046,23.52706524710987,0.867361312720196
2010-10-01,VIX,20.37333333333333,23.20382029761492,0.8069616172810776
2010-11-01,VIX,20.095714285714287,22.896504821424443,0.7495384117688674
2010-12-01,VIX,17.56954545454545,22.590671488091107,0.69239215096162
2011-01-01,VIX,17.3155,22.313366663529706,0.6405765635147742
2011-02-01,VIX,17.43,21.887533330196373,0.5610077916550926
2011-03-01,VIX,20.723478260869566,22.133873909906516,0.6070375780818748
2011-04-01,VIX,16.244,22.035516767049376,0.5886591270585405
2011-05-01,VIX,16.91142857142857,20.78401081466842,0.35480990997979184
2011-06-01,VIX,19.153181818181817,19.887078996486604,0.18721437992594062
2011-07-01,VIX,19.2275,19.35893415521676,0.08852826708711206
2011-08-01,VIX,35.02913043478261,20.215869267206227,0.24865024225213847
2011-09-01,VIX,36.53,21.383567679904633,0.46683966362414275
2011-10-01,VIX,32.829047619047614,22.421543870380827,0.6607899353167807
2011-11-01,VIX,31.94190476190476,23.408726410063366,0.8452491970401333
2011-12-01,VIX,25.047619047619047,24.031899209486166,0.9616916885620869
2012-01-01,VIX,20.228,24.2746075428195,1.0070427742844592
2012-02-01,VIX,18.4205,24.357149209486167,1.0224660362271236
2012-03-01,VIX,16.167272727272728,23.977465415019765,0.9515205022450132
2012-04-01,VIX,17.823,24.109048748353093,0.9761074084615361
2012-05-01,VIX,21.001818181818184,24.4499145492189,1.0397996350224574
2012-06-01,VIX,21.13095238095238,24.614728762783113,1.0705958727328067
2012-07-01,VIX,17.565238095238094,24.476206937386284,1.0447124797247749
2012-08-01,VIX,15.689565217391305,22.864576502603672,0.7435724694218306
2012-09-01,VIX,15.284736842105264,21.094137906112447,0.41275847777615127
2012-10-01,VIX,16.276190476190475,19.71473314420769,0.15501082344623002
2012-11-01,VIX,16.701904761904764,18.444733144207685,-0.08229408519203814
2012-12-01,VIX,17.307,17.799681556906098,-0.20282472140587487
2013-01-01,VIX,13.505238095238095,17.23945139817594,-0.30750611245615994
2013-02-01,VIX,14.072631578947368,16.877129029754887,-0.37520759004337173
2013-03-01,VIX,13.0315,16.615814635815493,-0.42403529742892454
2013-04-01,VIX,13.967272727272727,16.294504029754886,-0.48407355255941165
2013-05-01,VIX,13.493636363636364,15.66882221157307,-0.6009848649218218
2013-06-01,VIX,17.2715,15.347201179827039,-0.6610811244136624
2013-07-01,VIX,13.974545454545455,15.04797679310265,-0.7169924754010424
2013-08-01,VIX,14.21,14.924679691653376,-0.7400310639008718
2013-09-01,VIX,14.692000000000002,14.87528495481127,-0.7492606808406568
2013-10-01,VIX,15.407826086956522,14.80292125570844,-0.7627821461983924
2013-11-01,VIX,12.924000000000001,14.488095858883044,-0.8216086123642641
2013-12-01,VIX,14.192380952380953,14.228544271581457,-0.8701069318221542
2014-01-01,VIX,14.24095238095238,14.289853795390982,-0.8586509861951659
2014-02-01,VIX,15.47,14.406301163812033,-0.8368922994830996
2014-03-01,VIX,14.836666666666666,14.55673171936759,-0.8087837095283632
2014-04-01,VIX,14.19809523809524,14.575966928602798,-0.8051895287644271
2014-05-01,VIX,12.475238095238096,14.491100406236276,-0.8210471998956357
2014-06-01,VIX,11.541428571428572,14.013594453855324,-0.9102712206861795
2014-07-01,VIX,12.296363636363635,13.873745969006839,-0.9364025056626913
2014-08-01,VIX,13.497142857142856,13.814341207102075,-0.9475025384158315
2014-09-01,VIX,13.466666666666667,13.712230095990966,-0.9665824343947084
2014-10-01,VIX,18.01608695652174,13.929585168454734,-0.9259687134395285
2014-11-01,VIX,13.413157894736841,13.970348326349471,-0.9183519437859711
2014-12-01,VIX,16.311818181818182,14.14696809546924,-0.885349787742917
2015-01-01,VIX,19.1195,14.553513730389874,-0.8093850044735253
2015-02-01,VIX,15.90421052631579,14.58969794091619,-0.8026238306364424
2015-03-01,VIX,14.812727272727273,14.587702991421244,-0.8029965954456048
2015-04-01,VIX,13.494761904761905,14.529091880310132,-0.8139483311679747
2015-05-01,VIX,13.3385,14.601030372373621,-0.800506317556399
2015-06-01,VIX,14.339545454545457,14.834206779300027,-0.7569363128774461
2015-07-01,VIX,14.352727272727272,15.005570415663664,-0.7249162876245373
2015-08-01,VIX,19.42809523809524,15.499816447409694,-0.6325643117124758
2015-09-01,VIX,24.377142857142857,16.409022796616046,-0.46267523326228205
2015-10-01,VIX,16.789545454545454,16.306811004784688,-0.48177394186251365
2015-11-01,VIX,16.21,16.539881180223286,-0.438223786989473
2015-12-01,VIX,18.025454545454547,16.682684210526315,-0.4115404326120495
2016-01-01,VIX,23.717894736842105,17.065883771929826,-0.33993796260489634
2016-02-01,VIX,22.517,17.616949561403512,-0.2369689729791264
2016-03-01,VIX,15.84909090909091,17.703313197767148,-0.22083155972169238
2016-04-01,VIX,14.300476190476191,17.770456054910003,-0.2082856309185448
2016-05-01,VIX,14.852857142857141,17.896652483481432,-0.1847052907983726
2016-06-01,VIX,17.774545454545457,18.18290248348143,-0.13121825922537744
2016-07-01,VIX,13.1585,18.083383544087493,-0.14981379687943716
2016-08-01,VIX,12.399565217391304,17.49767270902883,-0.25925636081805087
2016-09-01,VIX,14.21952380952381,16.651204455060576,-0.4174225589858701
2016-10-01,VIX,14.585238095238097,16.467512175118298,-0.45174624379630895
2016-11-01,VIX,15.236190476190476,16.386361381467506,-0.4669096151925484
2016-12-01,VIX,12.472380952380954,15.92360524871137,-0.5533775693701019
2017-01-01,VIX,11.6085,14.914489020641193,-0.741935234179225
2017-02-01,VIX,11.530526315789475,13.998949546956984,-0.9130076839094288
2017-03-01,VIX,11.89782608695652,13.669677478445784,-0.9745335722048489
2017-04-01,VIX,13.136315789473684,13.572664111695575,-0.9926609329397695
2017-05-01,VIX,10.862272727272726,13.240115410396875,-1.0547990740259605
2017-06-01,VIX,10.513636363636364,12.635039652821115,-1.1678600562076504
2017-07-01,VIX,10.2645,12.393872986154449,-1.212923074947752
2017-08-01,VIX,11.975652173913044,12.35854689919793,-1.219523904741267
2017-09-01,VIX,10.437999999999999,12.043419915070944,-1.278406723778832
2017-10-01,VIX,10.125454545454545,11.671771285922317,-1.3478508529013926
2017-11-01,VIX,10.54047619047619,11.280461762112791,-1.4209687039225765
2017-12-01,VIX,10.2645,11.096471682747712,-1.455348033823425
2018-01-01,VIX,11.062380952380952,11.050961762112792,-1.463851756310358
2018-02-01,VIX,22.464736842105264,11.962145972639107,-1.2935931060492718
2018-03-01,VIX,19.023809523809526,12.555977925710193,-1.1826330766240607
2018-04-01,VIX,18.267619047619046,12.98358653055564,-1.1027325877218672
2018-05-01,VIX,14.124545454545455,13.255442591161698,-1.0519351250251114
2018-06-01,VIX,13.678095238095239,13.519147497366605,-1.0026607402421046
2018-07-01,VIX,13.147619047619049,13.759407418001524,-0.9577671508596582
2018-08-01,VIX,12.54695652173913,13.8070161136537,-0.9488712633225506
2018-09-01,VIX,12.910526315789474,14.013059973302823,-0.9103710906536442
2018-10-01,VIX,19.35217391304348,14.781953253935233,-0.7667001066276191
2018-11-01,VIX,19.38904761904762,15.519334206316186,-0.6289173353391462
2018-12-01,VIX,24.953157894736844,16.74338903087759,-0.4001974784015282
2019-01-01,VIX,19.57238095238095,17.452555697544256,-0.26768666655693163
2019-02-01,VIX,15.234736842105262,16.850055697544256,-0.3802663574660309
2019-03-01,VIX,14.485238095238095,16.47184141182997,-0.4509373074795082
2019-04-01,VIX,12.949047619047619,16.028627126115683,-0.5337537843130546
2019-05-01,VIX,16.721818181818183,16.24506652005508,-0.4933111617898181
2019-06-01,VIX,15.836000000000002,16.424891916880476,-0.4597100205579354
2019-07-01,VIX,13.305909090909092,16.438082753821313,-0.45724525649879566
2019-08-01,VIX,18.97909090909091,16.974093952767294,-0.35708928122717015
2019-09-01,VIX,15.559000000000001,17.19480009311817,-0.31584939896585545
2019-10-01,VIX,15.466521739130435,16.87099574529208,-0.3763536203654966
2019-11-01,VIX,12.5235,16.298866777038118,-0.4832583546496014
2019-12-01,VIX,13.756666666666666,15.3658258413656,-0.657601027087027
2020-01-01,VIX,13.94095238095238,14.896540127079888,-0.7452890613813695
2020-02-01,VIX,19.628947368421052,15.262724337606203,-0.6768659821500913
2020-03-01,VIX,57.73681818181819,18.867022678154544,-0.0033874873399467723
2020-04-01,VIX,41.453809523809525,21.24241950355137,0.44046552575487585
2020-05-01,VIX,30.897000000000002,22.423684655066523,0.6611899500524132
2020-06-01,VIX,31.119545454545456,23.697313442945312,0.8991729131600065
2020-07-01,VIX,26.840454545454545,24.825192230824097,1.1099218680518295
2020-08-01,VIX,22.88952380952381,25.1510616391935,1.170811954808607
2020-09-01,VIX,27.64761904761905,26.158446559828423,1.3590461174502122
2020-10-01,VIX,29.438636363636363,27.32278944520392,1.5766085442515108
2020-11-01,VIX,24.9955,28.362122778537252,1.7708124038667648
2020-12-01,VIX,22.37409090909091,29.080241465405937,1.9049959388107063
2021-01-01,VIX,24.91,29.994328766993238,2.0757970440001356
2021-02-01,VIX,23.140526315789476,30.286960345940614,2.1304765007771267
2021-03-01,VIX,21.84304347826087,27.295812453977504,1.5715677785520463
2021-04-01,VIX,17.416190476190476,25.292677533342584,1.1972734877399256
2021-05-01,VIX,19.7605,24.36463586667591,1.0238649500069805
2021-06-01,VIX,16.956818181818182,23.184408593948636,0.8033344577810453
2021-07-01,VIX,17.603333333333335,22.41464849293854,0.6595015046758607
2021-08-01,VIX,17.47772727272727,21.963665448205493,0.575233402134299
2021-09-01,VIX,19.824761904761903,21.311760686300733,0.4534222210597631
2021-10-01,VIX,17.86904761904762,20.34762829091834,0.2732699769641625
2021-11-01,VIX,18.50047619047619,19.806376306791353,0.17213473866216586
2021-12-01,VIX,21.354545454545455,19.72141418557923,0.15625920447952332
2022-01-01,VIX,23.181,19.577330852245897,0.12933662002837057
2022-02-01,VIX,25.748421052631578,19.794655413649405,0.16994463986200134
2022-03-01,VIX,26.968695652173913,20.221793094808827,0.24975713466790542
2022-04-01,VIX,24.3735,20.80156888845962,0.3580907108434806
2022-05-01,VIX,29.445714285714285,21.608670078935813,0.5089010055425277
2022-06-01,VIX,28.1,22.537268563784295,0.6824135871241047
2022-07-01,VIX,24.8685,23.142699119339852,0.7955408648193228
2022-08-01,VIX,22.169565217391302,23.533685614728515,0.8685983566043647
2022-09-01,VIX,27.406190476190474,24.165471329014235,0.9866502079488806
2022-10-01,VIX,30.005714285714287,25.176860217903126,1.175632529110721
2022-11-01,VIX,23.43619047619048,25.588169741712647,1.25248746530731
2022-12-01,VIX,21.784285714285716,25.623981430024333,1.2591790317821026
2023-01-01,VIX,20.203,25.37581476335767,1.2128080332306097
2023-02-01,VIX,20.062105263157896,24.901955114234866,1.1242653397326188
2023-03-01,VIX,21.644347826086957,24.458259462060948,1.0413589175260611
2023-04-01,VIX,17.817894736842106,23.91195902346446,0.93928035400623
2023-05-01,VIX,17.64409090909091,22.928490408745844,0.7555150549791401
2023-06-01,VIX,13.994285714285715,21.753014218269655,0.5358723227055882
2023-07-01,VIX,13.943999999999999,20.842639218269657,0.3657648768775863
2023-08-01,VIX,15.85391304347826,20.316334870443566,0.2674226680769614
2023-09-01,VIX,15.241,19.302568997427695,0.0779961973079656
2023-10-01,VIX,18.887727272727272,18.376070079678772,-0.09512407121948468
2023-11-01,VIX,14.077142857142857,17.59614944475814,-0.24085556335723293
2023-12-01,VIX,12.7185,16.840667301900996,-0.3820206191749944
2024-01-01,VIX,13.395238095238096,16.273353809837506,-0.4880255612249024
2024-02-01,VIX,13.943999999999999,15.763511704574348,-0.5832917298937336
2024-03-01,VIX,13.7875,15.108774385733767,-0.7056321862949371
2024-04-01,VIX,16.137727272727275,14.968760430390866,-0.7317943901380313
2024-05-01,VIX,13.090454545454547,14.589290733421167,-0.8026999190910906
2024-06-01,VIX,12.676842105263159,14.479503766002622,-0.8232140815107207
2024-07-01,VIX,14.469999999999999,14.523337099335954,-0.81502363650129
2024-08-01,VIX,19.312272727272727,14.81153373965216,-0.7611728668949176
2024-09-01,VIX,17.769,15.022200406318829,-0.7218089030473096
2024-10-01,VIX,19.960869565217394,15.111628930693003,-0.7050988024124525
2024-11-01,VIX,16.121000000000002,15.281950359264433,-0.6732735181240411
2024-12-01,VIX,15.866190476190477,15.544257898946974,-0.6242602372268018
2025-01-01,VIX,16.746000000000002,15.82348805767713,-0.5720848928909682
2025-02-01,VIX,17.052105263157895,16.082496829606956,-0.5236880007970175
2025-03-01,VIX,21.841428571428573,16.753657543892672,-0.3982787630134222
2025-04-01,VIX,31.966190476190473,18.07269614418127,-0.1518107830670964
2025-05-01,VIX,20.45714285714286,18.686586836821963,-0.03710269272773984
2025-06-01,VIX,18.215,19.1480999947167,0.04913300630341652
2025-07-01,VIX,16.331363636363633,19.303213631080336,0.0781166498513082
2025-08-01,VIX,15.75,19.006357570474275,0.022647830685294627
2025-09-01,VIX,15.773333333333333,18.84005201491872,-0.008427070627420088
2025-10-01,VIX,18.086521739130436,18.683856362744805,-0.03761289343751862
2025-11-01,VIX,19.90421052631579,18.999123906604456,0.021296189784706186
2025-12-01,VIX,15.548181818181819,18.972623185103732,0.016344417111810443
2026-01-01,VIX,16.046,18.914289851770402,0.005444585350210846
2026-02-01,VIX,19.239473684210527,19.09657055352479,0.03950451076465495
2026-03-01,VIX,25.596818181818183,19.40951968772392,0.09798038926823717
2026-04-01,VIX,19.811904761904763,18.39666254486678,-0.09127628140052683
2026-05-01,VIX,17.237142857142857,18.128329211533444,-0.14141550750388804
2026-06-01,VIX,17.960476190476193,18.10711889407313,-0.14537874565121786
2026-07-01,VIX,17.14909090909091,18.175262833467066,-0.1326457603660761
2026-08-01,VIX,15.338235294117647,18.140949107976873,-0.13905742610819333
2002-12-01,MOVE,123.88999938964844,,
2003-01-01,MOVE,110.88999938964844,,
2003-02-01,MOVE,105.36000061035156,,
2003-03-01,MOVE,112.08999633789062,,
2003-04-01,MOVE,89.2699966430664,,
2003-05-01,MOVE,99.80999755859375,,
2003-06-01,MOVE,103.5999984741211,,
2003-07-01,MOVE,160.86000061035156,,
2003-08-01,MOVE,126.55000305175781,,
2003-09-01,MOVE,116.69000244140625,,
2003-10-01,MOVE,118.76000213623047,,
2003-11-01,MOVE,104.91000366210938,114.39000002543132,1.5858493327860914
2003-12-01,MOVE,117.91000366210938,113.8916670481364,1.5581656821746794
2004-01-01,MOVE,116.75,114.38000043233235,1.5852938302321349
2004-02-01,MOVE,90.13999938964844,113.11166699727376,1.5148347169991887
2004-03-01,MOVE,105.91999816894531,112.59750048319499,1.4862714735848959
2004-04-01,MOVE,122.93000030517578,115.40250078837077,1.6420962974504736
2004-05-01,MOVE,106.12000274658203,115.92833455403645,1.6713076860432792
2004-06-01,MOVE,93.91000366210938,115.12083498636882,1.626449053525072
2004-07-01,MOVE,97.20999908447266,109.81666819254558,1.3317892437289525
2004-08-01,MOVE,102.66000366210938,107.82583491007487,1.221193446283117
2004-09-01,MOVE,92.88999938964844,105.84250132242839,1.1110142757527486
2004-10-01,MOVE,96.44999694824219,103.98333422342937,1.0077328660489286
2004-11-01,MOVE,89.55999755859375,102.7041670481364,0.936671911290079
2004-12-01,MOVE,86.5999984741211,100.09499994913737,0.7917261147113137
2005-01-01,MOVE,79.29000091552734,96.97333335876465,0.6183096820234729
2005-02-01,MOVE,90.05000305175781,96.96583366394043,0.6178930551080059
2005-03-01,MOVE,87.69999694824219,95.44750022888184,0.5335458129167447
2005-04-01,MOVE,82.52999877929688,92.0808334350586,0.3465190025475671
2005-05-01,MOVE,75.0,89.48749987284343,0.20245279877168365
2005-06-01,MOVE,75.5999984741211,87.96166610717773,0.11768889434561684
2005-07-01,MOVE,74.80000305175781,86.09416643778484,0.013944589393059308
2005-08-01,MOVE,78.19999694824219,84.05583254496257,-0.09928998646142086
2005-09-01,MOVE,76.70999908447266,82.70749918619792,-0.17419329672270714
2005-10-01,MOVE,80.08000183105469,81.3433329264323,-0.2499761644675366
2005-11-01,MOVE,73.5,80.00499979654948,-0.32432393685552846
2005-12-01,MOVE,72.08999633789062,78.7958329518636,-0.3914961971399944
2006-01-01,MOVE,73.69999694824219,78.32999928792317,-0.4173744291317108
2006-02-01,MOVE,56.86000061035156,75.56416575113933,-0.5710234404760579
2006-03-01,MOVE,68.5999984741211,73.97249921162923,-0.6594445211134635
2006-04-01,MOVE,63.0,72.34499931335449,-0.7498562349810004
2006-05-01,MOVE,67.0999984741211,71.68666585286458,-0.7864283149684314
2006-06-01,MOVE,65.5,70.84499931335449,-0.833185008730891
2006-07-01,MOVE,63.400001525878906,69.89499918619792,-0.8859599058363556
2006-08-01,MOVE,59.79999923706055,68.36166604359944,-0.9711404195182206
2006-09-01,MOVE,63.099998474121094,67.22749932607015,-1.0341462340513239
2006-10-01,MOVE,60.900001525878906,65.6291659673055,-1.1229376732709253
2006-11-01,MOVE,68.5,65.21249930063884,-1.1460845548681164
2006-12-01,MOVE,66.80000305175781,64.77166652679443,-1.170573924516928
2007-01-01,MOVE,61.599998474121094,63.763333320617676,-1.2265893709182645
2007-02-01,MOVE,69.80000305175781,64.84166685740153,-1.1666852300425434
2007-03-01,MOVE,67.9000015258789,64.78333377838135,-1.1699257793384152
2007-04-01,MOVE,59.79999923706055,64.5166670481364,-1.1847397870925516
2007-05-01,MOVE,58.900001525878906,63.83333396911621,-1.222700658784211
2007-06-01,MOVE,77.5,64.83333396911621,-1.1671481429509507
2007-07-01,MOVE,96.4000015258789,67.58333396911621,-1.0143787244094846
2007-08-01,MOVE,111.0,71.85000069936116,-0.7773546533223069
2007-09-01,MOVE,103.69999694824219,75.23333390553792,-0.5894019818169769
2007-10-01,MOVE,90.18000030517578,77.67333380381267,-0.45385384883491525
2007-11-01,MOVE,131.5,82.92333380381267,-0.16220314071029826
2007-12-01,MOVE,145.39999389648438,89.47333304087321,0.20166579561435116
2008-01-01,MOVE,153.6999969482422,97.14833291371663,0.6280313475707563
2008-02-01,MOVE,155.1999969482422,104.264999071757,1.0233800569953224
2008-03-01,MOVE,145.5,110.73166561126709,1.3826196523198717
2008-04-01,MOVE,119.0999984741211,115.67333221435547,1.657141664530633
2008-05-01,MOVE,130.1999969482422,121.61499849955241,1.9872161749149855
2008-06-01,MOVE,126.0,125.65666516621907,2.2117409264077454
2008-07-01,MOVE,131.6999969482422,128.59833145141602,2.3751578892923173
2008-08-01,MOVE,103.0,127.93166478474934,2.33812287873681
2008-09-01,MOVE,208.5,136.66499837239584,2.823281531141687
2008-10-01,MOVE,207.1999969482422,146.41666475931802,3.3650111325018544
2008-11-01,MOVE,214.0,153.29166475931802,3.7469346788555193
2008-12-01,MOVE,190.0,157.008331934611,3.953404890957941
2009-01-01,MOVE,162.89999389648438,157.7749983469645,3.9959951389690387
2009-02-01,MOVE,166.60000610351562,158.72499910990396,4.048770071393842
2009-03-01,MOVE,117.30000305175781,156.37499936421713,3.9182216733134165
2009-04-01,MOVE,124.19999694824219,156.79999923706055,3.941831485478684
2009-05-01,MOVE,165.39999389648438,159.73333231608072,4.104785517795179
2009-06-01,MOVE,162.5,162.7749989827474,4.27375775345468
2009-07-01,MOVE,138.5,163.3416659037272,4.3052375265545955
2009-08-01,MOVE,130.6999969482422,165.6499989827474,4.433471236475303
2009-09-01,MOVE,113.80000305175781,157.7583325703939,3.995069313152226
2009-10-01,MOVE,113.5,149.9499994913737,3.5612967661485855
2009-11-01,MOVE,86.0999984741211,139.2916660308838,2.9691995278285512
2009-12-01,MOVE,107.5,132.4166660308838,2.5872759814748862
2010-01-01,MOVE,86.30000305175781,126.03333346048991,2.232665797789114
2010-02-01,MOVE,81.19999694824219,118.91666603088379,1.837317017725871
2010-03-01,MOVE,85.30000305175781,116.24999936421712,1.6891769755038433
2010-04-01,MOVE,85.5,113.02499961853027,1.510020126069314
2010-05-01,MOVE,112.0999984741211,108.58333333333333,1.2632743894348522
2010-06-01,MOVE,89.69999694824219,102.51666641235352,0.926255779252004
2010-07-01,MOVE,78.19999694824219,97.49166615804036,0.647104373062135
2010-08-01,MOVE,103.69999694824219,95.24166615804036,0.5221112124372992
2010-09-01,MOVE,85.0999984741211,92.84999910990398,0.38924809087781564
2010-10-01,MOVE,99.80000305175781,91.70833269755046,0.32582564942924536
2010-11-01,MOVE,101.9000015258789,93.02499961853027,0.39896980940410665
2010-12-01,MOVE,110.4000015258789,93.26666641235352,0.41239500779434557
2011-01-01,MOVE,96.19999694824219,94.09166590372722,0.45822580510131494
2011-02-01,MOVE,90.5,94.86666615804036,0.5012790189998265
2011-03-01,MOVE,90.9000015258789,95.33333269755046,0.5272035193248142
2011-04-01,MOVE,76.80000305175781,94.6083329518636,0.48692795947343526
2011-05-01,MOVE,71.5,91.22499974568684,0.29897528796810535
2011-06-01,MOVE,88.9000015258789,91.15833346048991,0.2952718081041582
2011-07-01,MOVE,88.0,91.97500038146973,0.34063971016238925
2011-08-01,MOVE,97.9000015258789,91.49166742960612,0.31378934870125
2011-09-01,MOVE,100.5999984741211,92.78333409627278,0.3855446816525442
2011-10-01,MOVE,107.19999694824219,93.40000025431316,0.4198020381609179
2011-11-01,MOVE,99.69999694824219,93.21666653951009,0.40961738906654993
2011-12-01,MOVE,91.0999984741211,91.6083329518636,0.32027041197365413
2012-01-01,MOVE,72.0999984741211,89.59999974568684,0.20870244973905724
2012-02-01,MOVE,75.9000015258789,88.38333320617676,0.14111356253912505
2012-03-01,MOVE,78.5999984741211,87.3583329518636,0.08417221968229756
2012-04-01,MOVE,62.900001525878906,86.1999994913737,0.019823881778237146
2012-05-01,MOVE,74.4000015258789,86.44166628519694,0.03324908016847608
2012-06-01,MOVE,73.19999694824219,85.13333257039388,-0.039432149238309795
2012-07-01,MOVE,69.80000305175781,83.61666615804036,-0.12368678412435269
2012-08-01,MOVE,68.69999694824219,81.1833324432373,-0.2588645938435557
2012-09-01,MOVE,60.470001220703125,77.83916600545247,-0.4446414528276557
2012-10-01,MOVE,71.43000030517578,74.8583329518636,-0.6102342282334571
2012-11-01,MOVE,51.79999923706055,70.86666647593181,-0.8319813433387527
2012-12-01,MOVE,59.400001525878906,68.22500006357829,-0.9787325585372135
2013-01-01,MOVE,65.5999984741211,67.68333339691162,-1.0088235046135632
2013-02-01,MOVE,55.880001068115234,66.01500002543132,-1.1015036206478792
2013-03-01,MOVE,57.29999923706055,64.2400000890096,-1.2001093327199832
2013-04-01,MOVE,49.20000076293945,63.09833335876465,-1.2635317918282223
2013-05-01,MOVE,80.0,63.56499989827474,-1.237607291503235
2013-06-01,MOVE,99.80000305175781,65.7816670735677,-1.1144658531507041
2013-07-01,MOVE,82.5999984741211,66.84833335876465,-1.0552098574534958
2013-08-01,MOVE,103.5,69.7483336130778,-0.8941075474093052
2013-09-01,MOVE,80.19999694824219,71.39249992370605,-0.802769972405616
2013-10-01,MOVE,61.70000076293945,70.5816666285197,-0.8478138018745908
2013-11-01,MOVE,68.0,71.93166669209798,-0.7728179019677559
2013-12-01,MOVE,73.5,73.1066665649414,-0.7075437029275424
2014-01-01,MOVE,64.69999694824219,73.03166643778484,-0.7117101486789044
2014-02-01,MOVE,57.70000076293945,73.18333307902019,-0.7032846851903001
2014-03-01,MOVE,61.79999923706055,73.55833307902019,-0.6824524917528274
2014-04-01,MOVE,58.900001525878906,74.36666647593181,-0.6375475379223414
2014-05-01,MOVE,58.29999923706055,72.55833307902019,-0.7380050075860878
2014-06-01,MOVE,52.70000076293945,68.63333288828532,-0.9560486428274363
2014-07-01,MOVE,56.459999084472656,66.45499960581462,-1.077060536992008
2014-08-01,MOVE,60.4900016784668,62.87083307902018,-1.276170004720798
2014-09-01,MOVE,64.19999694824219,61.53749974568685,-1.3502400258318117
2014-10-01,MOVE,68.69999694824219,62.120832761128746,-1.3178344092554122
2014-11-01,MOVE,66.5999984741211,62.004165967305504,-1.3243155431664937
2014-12-01,MOVE,68.9000015258789,61.620832761128746,-1.3456106671720425
2015-01-01,MOVE,86.5999984741211,63.44583288828532,-1.2442273187124748
2015-02-01,MOVE,91.4000015258789,66.25416628519694,-1.0882173332154677
2015-03-01,MOVE,86.0999984741211,68.27916622161865,-0.9757234921850496
2015-04-01,MOVE,75.30000305175781,69.6458330154419,-0.8998017134823927
2015-05-01,MOVE,82.69999694824219,71.67916615804036,-0.7868449418838984
2015-06-01,MOVE,92.30000305175781,74.97916634877522,-0.6035216290383376
2015-07-01,MOVE,75.80000305175781,76.590833346049,-0.5139894726543432
2015-08-01,MOVE,87.69999694824219,78.8583329518636,-0.38802416490041564
2015-09-01,MOVE,81.5999984741211,80.30833307902019,-0.3074730098783199
2015-10-01,MOVE,73.0999984741211,80.67499987284343,-0.2871037470089234
2015-11-01,MOVE,69.9000015258789,80.95000012715657,-0.271826791027042
2015-12-01,MOVE,67.80000305175781,80.85833358764648,-0.27691909791455627
2016-01-01,MOVE,74.0,79.80833371480306,-0.3352492324756122
2016-02-01,MOVE,83.38999938964844,79.14083353678386,-0.3723305466837277
2016-03-01,MOVE,68.80000305175781,77.69916725158691,-0.4524187358184087
2016-04-01,MOVE,64.91999816894531,76.83416684468587,-0.5004716846185557
2016-05-01,MOVE,67.91000366210938,75.6016674041748,-0.5689401293020311
2016-06-01,MOVE,72.63999938964844,73.9633337656657,-0.6599536846954716
2016-07-01,MOVE,64.1500015258789,72.99250030517578,-0.7138859258807964
2016-08-01,MOVE,69.08000183105469,71.44083404541016,-0.8000848903443621
2016-09-01,MOVE,60.560001373291016,69.68750095367432,-0.8974869546839968
2016-10-01,MOVE,65.47000122070312,69.05166784922282,-0.9328090832863495
2016-11-01,MOVE,80.95999908447266,69.97333431243896,-0.8816081924955497
2016-12-01,MOVE,71.62999725341797,70.29250049591064,-0.8638777080347979
2017-01-01,MOVE,72.5199966430664,70.16916688283284,-0.8707292005280758
2017-02-01,MOVE,70.88999938964844,69.12750021616618,-0.9285964045210549
2017-03-01,MOVE,60.70000076293945,68.45250002543132,-0.9660943633043071
2017-04-01,MOVE,60.189998626708984,68.05833339691162,-0.9879913111760905
2017-05-01,MOVE,53.95000076293945,66.89499982198079,-1.0526174180167989
2017-06-01,MOVE,55.220001220703125,65.44333330790202,-1.1332611450247736
2017-07-01,MOVE,48.13999938964844,64.10916646321614,-1.207377469788397
2017-08-01,MOVE,51.130001068115234,62.61333306630453,-1.2904747782542492
2017-09-01,MOVE,52.880001068115234,61.97333304087321,-1.3260283898003096
2017-10-01,MOVE,51.150001525878906,60.77999973297119,-1.3923210572818934
2017-11-01,MOVE,46.83000183105469,57.93583329518636,-1.5503216583493626
2017-12-01,MOVE,46.599998474121094,55.850000063578285,-1.6661949419738111
2018-01-01,MOVE,57.20000076293945,54.573333740234375,-1.737116968115164
2018-02-01,MOVE,62.970001220703125,53.913333892822266,-1.7737816200884746
2018-03-01,MOVE,58.540000915527344,53.733333905537926,-1.7837810722320746
2018-04-01,MOVE,50.349998474121094,52.913333892822266,-1.829334135921735
2018-05-01,MOVE,60.540000915527344,53.46250057220459,-1.7988265452702494
2018-06-01,MOVE,51.16999816894531,53.12500031789144,-1.81757553349171
2018-07-01,MOVE,46.5,52.9883337020874,-1.825167707830042
2018-08-01,MOVE,50.709999084472656,52.95333353678385,-1.8271120550672342
2018-09-01,MOVE,46.15999984741211,52.393333435058594,-1.858221469584954
2018-10-01,MOVE,60.130001068115234,53.14166673024496,-1.8166496723555576
2018-11-01,MOVE,52.43000030517578,53.60833326975504,-1.7907251720305708
2018-12-01,MOVE,66.58000183105469,55.27333354949951,-1.6982302176276833
2019-01-01,MOVE,49.810001373291016,54.65750026702881,-1.7324413058027857
2019-02-01,MOVE,47.220001220703125,53.34500026702881,-1.80535398283394
2019-03-01,MOVE,58.54999923706055,53.34583346048991,-1.8053076968410002
2019-04-01,MOVE,49.470001220703125,53.272500356038414,-1.8093815352871438
2019-05-01,MOVE,72.68000030517578,54.284166971842446,-1.7531809095947093
2019-06-01,MOVE,70.43000030517578,55.889167149861656,-1.6640191117929115
2019-07-01,MOVE,55.25,56.61833381652832,-1.623512068997826
2019-08-01,MOVE,86.88999938964844,59.63333384195963,-1.4560212323477726
2019-09-01,MOVE,77.19999694824219,62.22000026702881,-1.312325404813754
2019-10-01,MOVE,65.87999725341797,62.69916661580404,-1.2857065086366526
2019-11-01,MOVE,56.56999969482422,63.044166564941406,-1.2665408934997249
2019-12-01,MOVE,58.279998779296875,62.352499643961586,-1.3049647310787988
2020-01-01,MOVE,72.9800033569336,64.28333314259847,-1.197702072574384
2020-02-01,MOVE,109.66999816894531,69.48749955495198,-0.9085975355531936
2020-03-01,MOVE,83.87000274658203,71.59749984741211,-0.7913817108981183
2020-04-01,MOVE,53.59000015258789,71.94083309173584,-0.7723086854067396
2020-05-01,MOVE,51.54999923706055,70.1799996693929,-0.8701274119811798
2020-06-01,MOVE,54.130001068115234,68.82166639963786,-0.9455862424560908
2020-07-01,MOVE,41.97999954223633,67.71583302815755,-1.0070180683341987
2020-08-01,MOVE,47.02000045776367,64.39333311716716,-1.1915912972454985
2020-09-01,MOVE,39.209999084472656,61.22749996185303,-1.3674612937315473
2020-10-01,MOVE,61.90999984741211,60.896666844685875,-1.3858399057111426
2020-11-01,MOVE,40.84000015258789,59.58583354949951,-1.4586599930967479
2020-12-01,MOVE,48.97999954223633,58.8108336130778,-1.501713189335591
2021-01-01,MOVE,47.40999984741211,56.67999998728434,-1.6200863580705256
2021-02-01,MOVE,75.66000366210938,53.84583377838135,-1.7775314212647007
2021-03-01,MOVE,71.2699966430664,52.79583326975504,-1.8358615911450948
2021-04-01,MOVE,58.130001068115234,53.174166679382324,-1.8148442184165239
2021-05-01,MOVE,52.040000915527344,53.21500015258789,-1.8125758162497447
2021-06-01,MOVE,57.27000045776367,53.47666676839193,-1.798039577432255
2021-07-01,MOVE,61.189998626708984,55.07750002543131,-1.709109262574165
2021-08-01,MOVE,59.540000915527344,56.12083339691162,-1.6511494689356363
2021-09-01,MOVE,61.06999969482422,57.94250011444092,-1.5499512997671665
2021-10-01,MOVE,75.44999694824219,59.07083320617676,-1.4872695578233197
2021-11-01,MOVE,84.04000091552734,62.67083326975504,-1.2872804972916487
2021-12-01,MOVE,77.0999984741211,65.01416651407878,-1.1571024401337489
2022-01-01,MOVE,85.13999938964844,68.15833314259847,-0.9824360737205001
2022-02-01,MOVE,100.4000015258789,70.21999963124593,-0.8679053134670097
2022-03-01,MOVE,106.87999725341797,73.18749968210857,-0.703053219906262
2022-04-01,MOVE,128.39999389648438,79.04333241780598,-0.37774697913950667
2022-05-01,MOVE,107.12000274658203,83.63333257039388,-0.12276092298820036
2022-06-01,MOVE,135.5,90.15249919891357,0.23939518436230287
2022-07-01,MOVE,116.36000061035156,94.74999936421712,0.49479788508874517
2022-08-01,MOVE,124.83999633789062,100.19166564941406,0.7970961375564676
2022-09-01,MOVE,141.88999938964844,106.92666562398274,1.1712423302807025
2022-10-01,MOVE,147.9199981689453,112.96583239237468,1.5067332378014955
2022-11-01,MOVE,127.2699966430664,116.56833203633626,1.7068611563119858
2022-12-01,MOVE,121.61000061035156,120.27749888102214,1.9129147061796028
2023-01-01,MOVE,99.54000091552734,121.47749900817871,1.9795777322433825
2023-02-01,MOVE,123.5999984741211,123.4108320871989,2.0869792487266174
2023-03-01,MOVE,135.92999267578125,125.8316650390625,2.221462609614699
2023-04-01,MOVE,122.45999908447266,125.33666547139485,2.1939641382943846
2023-05-01,MOVE,136.02000427246094,127.74499893188477,2.3277531209900215
2023-06-01,MOVE,110.63999938964844,125.67333221435547,2.2126668228632367
2023-07-01,MOVE,112.02999877929688,125.31249872843425,2.1926216149234277
2023-08-01,MOVE,107.93000030517578,123.90333239237468,2.114338879727781
2023-09-01,MOVE,113.55000305175781,121.54166603088379,1.9831423717881795
2023-10-01,MOVE,126.86000061035156,119.7866662343343,1.8856477178029958
2023-11-01,MOVE,115.31999969482422,118.79083315531413,1.8303266849134432
2023-12-01,MOVE,114.62000274658203,118.20833333333333,1.7979673543299832
2024-01-01,MOVE,107.27999877929688,118.85333315531413,1.833798717153022
2024-02-01,MOVE,109.0999984741211,117.64499982198079,1.7666727605211652
2024-03-01,MOVE,86.37999725341797,113.51583353678386,1.5372871850845977
2024-04-01,MOVE,107.45999908447266,112.26583353678386,1.467846540293022
2024-05-01,MOVE,91.13999938964844,108.52583312988281,1.2600801084722515
2024-06-01,MOVE,98.58999633789062,107.521666208903,1.2042961096952842
2024-07-01,MOVE,99.41000366210938,106.46999994913737,1.1458734031483486
2024-08-01,MOVE,107.7699966430664,106.45666631062825,1.1451326859839555
2024-09-01,MOVE,94.61000061035156,104.8783327738444,1.0574522871916052
2024-10-01,MOVE,135.17999267578125,105.57166544596355,1.0959686614372204
2024-11-01,MOVE,95.22000122070312,103.89666557312012,1.0029182044803766
2024-12-01,MOVE,98.80000305175781,102.5783322652181,0.9296814725196351
2025-01-01,MOVE,91.76000213623047,101.28499921162923,0.8578335675824605
2025-02-01,MOVE,104.45999908447266,100.8983325958252,0.8363532642858138
2025-03-01,MOVE,101.3499984741211,102.14583269755046,0.9056550334389005
2025-04-01,MOVE,112.4800033569336,102.5641663869222,0.9288945223413101
2025-05-01,MOVE,92.11000061035156,102.64499982198079,0.9333850230222595
2025-06-01,MOVE,90.26000213623047,101.95083363850911,0.894822345124035
2025-07-01,MOVE,79.83999633789062,100.31999969482422,0.8042254166460616
2025-08-01,MOVE,79.38999938964844,97.95499992370605,0.6728437294153626
2025-09-01,MOVE,77.93000030517578,96.56499989827473,0.595625730994357
2025-10-01,MOVE,66.61000061035156,90.85083389282227,0.27818943350258046
2025-11-01,MOVE,68.94999694824219,88.66166687011719,0.15657569781210515
2025-12-01,MOVE,63.959999084472656,85.75833320617676,-0.004711791523183425
2026-01-01,MOVE,59.20000076293945,83.04499975840251,-0.1554442908415772
2026-02-01,MOVE,73.37999725341797,80.45499960581462,-0.2993253153263628
2026-03-01,MOVE,96.05000305175781,80.01333332061768,-0.3238609886277834
2026-04-01,MOVE,72.06999969482422,76.6458330154419,-0.5109341026495701
2026-05-01,MOVE,70.22000122070312,74.82166639963786,-0.6122711474565286
2026-06-01,MOVE,71.95999908447266,73.2966661453247,-0.6969887482299862
2026-07-01,MOVE,83.0199966430664,73.56166617075603,-0.6822673301213985
2026-08-01,MOVE,73.4000015258789,73.06249968210857,-0.7099972843854195
2026-08-01,MOVE,71.91919708251953,72.56159941355388,-0.7378235544851882
