date,Bab el-Mandeb Strait,Cape of Good Hope,Malacca Strait,Panama Canal,Strait of Hormuz,Suez Canal
2019-01-01,52,50,202,35,52,61
2019-01-02,59,24,159,29,61,50
2019-01-03,59,64,154,35,71,62
2019-01-04,47,42,153,26,59,47
2019-01-05,74,64,191,39,61,43
2019-01-06,51,27,146,28,56,49
2019-01-07,62,56,175,32,72,47
2019-01-08,52,35,176,27,55,48
2019-01-09,50,69,155,28,38,59
2019-01-10,41,39,183,28,58,49
2019-01-11,57,76,153,28,60,54
2019-01-12,40,28,185,30,55,45
2019-01-13,49,54,158,30,44,40
2019-01-14,48,61,181,31,50,54
2019-01-15,50,43,165,28,49,49
2019-01-16,65,60,171,36,57,42
2019-01-17,46,29,179,30,53,39
2019-01-18,50,43,169,34,46,42
2019-01-19,57,28,166,29,61,50
2019-01-20,54,59,193,36,66,55
2019-01-21,41,47,174,33,57,51
2019-01-22,49,39,174,33,59,60
2019-01-23,50,45,173,31,59,61
2019-01-24,42,37,156,36,42,47
2019-01-25,33,46,180,29,46,48
2019-01-26,70,42,156,32,60,45
2019-01-27,44,61,177,29,61,52
2019-01-28,51,56,142,35,61,50
2019-01-29,53,47,186,31,46,46
2019-01-30,47,61,191,32,60,58
2019-01-31,65,41,173,35,50,40
2019-02-01,49,35,174,35,51,48
2019-02-02,58,44,156,29,49,46
2019-02-03,58,39,155,32,57,49
2019-02-04,55,52,178,38,57,42
2019-02-05,51,46,187,32,59,68
2019-02-06,52,47,172,28,50,57
2019-02-07,50,53,162,35,60,57
2019-02-08,40,67,169,35,56,48
2019-02-09,54,51,195,34,56,61
2019-02-10,65,55,193,31,59,44
2019-02-11,56,52,164,22,42,63
2019-02-12,49,48,185,34,54,60
2019-02-13,61,46,182,26,44,43
2019-02-14,42,51,170,33,62,45
2019-02-15,56,37,187,27,63,37
2019-02-16,71,58,170,35,64,52
2019-02-17,58,41,181,28,65,50
2019-02-18,56,72,163,32,71,45
2019-02-19,56,39,177,26,65,47
2019-02-20,53,68,195,26,62,51
2019-02-21,43,39,181,33,68,49
2019-02-22,50,79,150,33,76,58
2019-02-23,52,34,178,28,73,58
2019-02-24,58,73,155,38,72,46
2019-02-25,53,40,152,31,65,49
2019-02-26,49,73,179,33,52,49
2019-02-27,46,21,173,35,53,40
2019-02-28,48,37,182,33,56,54
2019-03-01,47,64,160,29,58,53
2019-03-02,52,36,180,26,61,52
2019-03-03,54,65,170,35,66,53
2019-03-04,36,43,178,28,56,50
2019-03-05,44,59,181,32,68,51
2019-03-06,61,42,166,31,80,51
2019-03-07,44,37,165,35,58,54
2019-03-08,48,37,158,34,65,46
2019-03-09,62,41,167,37,74,61
2019-03-10,59,46,165,36,46,54
2019-03-11,58,41,191,32,40,57
2019-03-12,53,43,164,32,47,51
2019-03-13,40,44,157,34,70,41
2019-03-14,63,36,158,32,62,59
2019-03-15,60,41,172,28,51,50
2019-03-16,76,54,152,34,51,44
2019-03-17,53,45,169,32,68,42
2019-03-18,49,53,168,24,68,41
2019-03-19,39,63,170,31,70,63
2019-03-20,58,38,160,32,61,47
2019-03-21,47,39,157,32,64,42
2019-03-22,51,42,148,32,48,46
2019-03-23,61,30,174,34,58,48
2019-03-24,52,57,178,30,55,51
2019-03-25,56,41,161,29,47,46
2019-03-26,62,41,151,35,57,46
2019-03-27,49,46,144,29,61,45
2019-03-28,42,42,202,28,68,63
2019-03-29,47,35,185,28,87,59
2019-03-30,51,34,167,30,87,44
2019-03-31,45,38,153,27,60,34
2019-04-01,54,44,192,24,70,67
2019-04-02,54,38,171,28,46,54
2019-04-03,49,46,165,29,58,50
2019-04-04,56,41,168,30,53,54
2019-04-05,44,43,164,33,69,62
2019-04-06,55,45,175,34,70,46
2019-04-07,71,58,184,34,61,41
2019-04-08,51,46,172,25,70,63
2019-04-09,45,60,178,31,72,63
2019-04-10,56,47,196,26,52,45
2019-04-11,66,61,176,28,61,58
2019-04-12,56,56,179,31,62,42
2019-04-13,64,35,139,28,66,42
2019-04-14,64,44,204,29,49,50
2019-04-15,42,44,186,36,75,50
2019-04-16,48,39,189,23,70,58
2019-04-17,47,37,162,27,69,55
2019-04-18,59,51,157,30,81,53
2019-04-19,56,44,138,34,85,54
2019-04-20,65,41,177,28,80,31
2019-04-21,55,40,187,31,76,48
2019-04-22,63,40,175,36,86,62
2019-04-23,53,55,194,32,67,61
2019-04-24,47,45,175,33,59,52
2019-04-25,70,49,168,31,72,43
2019-04-26,47,45,166,36,65,49
2019-04-27,64,47,181,35,91,58
2019-04-28,59,37,169,32,73,48
2019-04-29,52,51,164,30,94,61
2019-04-30,46,50,175,23,54,52
2019-05-01,51,48,165,32,81,55
2019-05-02,54,38,165,27,77,46
2019-05-03,49,36,158,32,90,52
2019-05-04,56,39,187,32,63,48
2019-05-05,63,44,163,27,54,44
2019-05-06,46,55,150,33,66,56
2019-05-07,51,53,168,30,73,56
2019-05-08,53,53,145,36,87,49
2019-05-09,54,41,165,31,81,38
2019-05-10,38,39,165,31,60,63
2019-05-11,59,54,166,34,81,49
2019-05-12,54,28,205,34,85,47
2019-05-13,50,41,178,36,76,55
2019-05-14,54,46,173,33,58,59
2019-05-15,55,38,185,32,70,53
2019-05-16,48,50,161,30,82,58
2019-05-17,44,55,164,33,88,45
2019-05-18,63,43,163,28,84,39
2019-05-19,62,62,167,32,64,54
2019-05-20,47,39,173,26,77,52
2019-05-21,52,42,168,33,55,60
2019-05-22,62,45,173,33,59,54
2019-05-23,47,49,178,29,66,58
2019-05-24,52,47,154,32,75,45
2019-05-25,61,49,164,30,86,42
2019-05-26,57,42,180,28,80,53
2019-05-27,46,41,168,28,85,51
2019-05-28,47,41,147,28,75,63
2019-05-29,46,51,173,32,89,46
2019-05-30,43,65,185,34,90,65
2019-05-31,47,57,181,28,82,51
2019-06-01,35,39,114,32,56,41
2019-06-02,60,54,169,32,79,50
2019-06-03,50,52,185,29,84,49
2019-06-04,59,65,163,27,93,49
2019-06-05,48,35,146,31,85,60
2019-06-06,49,33,178,37,73,52
2019-06-07,49,47,152,32,77,57
2019-06-08,58,57,154,33,84,41
2019-06-09,48,59,176,30,75,58
2019-06-10,52,53,170,30,97,57
2019-06-11,58,37,170,29,81,54
2019-06-12,47,32,178,30,67,40
2019-06-13,40,53,160,24,65,49
2019-06-14,50,62,136,31,80,49
2019-06-15,52,47,156,28,85,45
2019-06-16,53,57,176,34,97,54
2019-06-17,39,57,134,28,74,43
2019-06-18,44,57,187,25,75,49
2019-06-19,50,47,175,29,81,43
2019-06-20,51,50,154,33,77,48
2019-06-21,48,44,150,34,77,52
2019-06-22,72,32,161,28,86,50
2019-06-23,51,67,187,29,70,43
2019-06-24,59,68,179,35,102,47
2019-06-25,67,42,177,30,93,51
2019-06-26,56,57,141,35,81,51
2019-06-27,60,53,173,27,86,49
2019-06-28,39,45,164,29,79,69
2019-06-29,39,52,172,31,84,50
2019-06-30,53,58,168,29,99,43
2019-07-01,46,41,168,28,90,49
2019-07-02,49,37,170,28,73,49
2019-07-03,48,52,168,29,102,46
2019-07-04,61,49,170,31,99,44
2019-07-05,51,38,163,29,102,48
2019-07-06,51,54,151,30,103,50
2019-07-07,49,34,157,32,86,54
2019-07-08,44,53,168,27,79,54
2019-07-09,46,44,176,35,91,56
2019-07-10,52,60,158,28,75,52
2019-07-11,44,55,171,30,86,61
2019-07-12,53,60,147,31,96,43
2019-07-13,71,65,169,29,91,56
2019-07-14,54,59,175,33,77,54
2019-07-15,75,57,172,29,87,57
2019-07-16,49,45,148,26,77,50
2019-07-17,42,51,146,33,76,43
2019-07-18,58,52,180,29,69,57
2019-07-19,56,42,175,31,70,52
2019-07-20,50,40,178,35,80,57
2019-07-21,59,62,199,31,87,51
2019-07-22,55,58,184,30,83,43
2019-07-23,52,46,168,32,71,54
2019-07-24,49,41,156,32,67,50
2019-07-25,41,51,159,30,90,61
2019-07-26,39,41,151,30,73,50
2019-07-27,70,66,171,36,61,51
2019-07-28,70,67,167,33,74,60
2019-07-29,56,66,171,32,82,48
2019-07-30,65,41,187,28,76,55
2019-07-31,56,39,160,30,74,51
2019-08-01,49,50,173,29,84,75
2019-08-02,51,50,157,33,84,58
2019-08-03,66,56,167,32,89,59
2019-08-04,48,53,147,26,93,49
2019-08-05,60,42,149,31,65,45
2019-08-06,55,66,160,31,86,63
2019-08-07,62,50,166,37,93,61
2019-08-08,47,55,141,36,84,53
2019-08-09,57,60,150,38,79,56
2019-08-10,63,61,154,38,88,55
2019-08-11,47,41,163,32,76,63
2019-08-12,41,53,168,36,78,53
2019-08-13,65,46,200,38,75,55
2019-08-14,53,46,169,36,79,50
2019-08-15,48,52,136,40,73,59
2019-08-16,42,54,128,42,68,55
2019-08-17,62,55,157,31,80,44
2019-08-18,53,56,171,30,86,52
2019-08-19,57,46,170,38,80,45
2019-08-20,65,41,185,28,59,53
2019-08-21,58,59,186,35,87,50
2019-08-22,55,52,188,37,64,49
2019-08-23,57,69,147,33,75,68
2019-08-24,57,41,176,32,83,55
2019-08-25,39,56,193,29,80,63
2019-08-26,48,43,171,35,85,59
2019-08-27,53,32,196,30,77,57
2019-08-28,50,56,180,38,68,56
2019-08-29,52,56,169,34,88,49
2019-08-30,69,44,161,34,82,61
2019-08-31,64,45,167,35,64,44
2019-09-01,52,46,195,35,76,65
2019-09-02,55,47,182,34,81,51
2019-09-03,54,47,165,28,63,57
2019-09-04,53,42,191,32,81,44
2019-09-05,55,50,163,31,81,53
2019-09-06,49,55,143,33,84,52
2019-09-07,54,50,190,35,78,53
2019-09-08,62,55,159,30,72,51
2019-09-09,44,51,165,31,74,58
2019-09-10,57,52,191,31,78,57
2019-09-11,41,62,192,32,72,47
2019-09-12,57,63,179,34,81,56
2019-09-13,62,32,188,32,81,55
2019-09-14,52,57,179,32,97,42
2019-09-15,52,53,182,32,67,53
2019-09-16,49,51,179,38,89,51
2019-09-17,54,70,182,32,75,50
2019-09-18,54,43,174,38,85,52
2019-09-19,51,54,171,30,73,55
2019-09-20,59,43,173,32,81,51
2019-09-21,64,54,151,31,82,47
2019-09-22,47,48,163,31,71,52
2019-09-23,55,68,173,29,78,59
2019-09-24,53,53,173,25,76,55
2019-09-25,56,46,176,32,58,57
2019-09-26,51,51,168,28,80,62
2019-09-27,52,60,151,32,74,46
2019-09-28,55,61,159,30,85,50
2019-09-29,63,46,179,27,97,51
2019-09-30,57,61,150,30,74,61
2019-10-01,62,61,159,31,79,50
2019-10-02,44,55,169,35,69,57
2019-10-03,57,57,157,37,56,64
2019-10-04,51,64,170,33,49,53
2019-10-05,53,45,169,36,75,62
2019-10-06,58,59,164,38,61,55
2019-10-07,48,50,163,33,64,56
2019-10-08,54,39,155,34,60,55
2019-10-09,57,45,193,36,68,56
2019-10-10,44,55,178,36,69,55
2019-10-11,47,56,176,36,66,67
2019-10-12,62,48,174,37,68,60
2019-10-13,55,54,197,35,69,53
2019-10-14,54,57,169,34,86,51
2019-10-15,51,56,174,33,98,52
2019-10-16,60,51,180,34,89,53
2019-10-17,59,42,178,33,94,58
2019-10-18,50,64,157,30,67,59
2019-10-19,58,56,155,30,79,62
2019-10-20,56,45,165,37,89,47
2019-10-21,61,47,159,32,74,57
2019-10-22,56,39,179,30,66,64
2019-10-23,64,48,169,33,75,62
2019-10-24,48,56,162,31,88,61
2019-10-25,46,40,185,32,71,52
2019-10-26,73,47,201,36,90,60
2019-10-27,50,55,181,32,67,58
2019-10-28,56,29,163,34,76,51
2019-10-29,54,42,156,32,64,53
2019-10-30,52,51,164,36,90,62
2019-10-31,63,71,195,37,62,59
2019-11-01,46,54,145,39,69,53
2019-11-02,51,45,166,36,67,54
2019-11-03,59,51,182,36,50,51
2019-11-04,63,45,171,33,64,60
2019-11-05,48,67,197,33,69,51
2019-11-06,71,43,181,36,58,49
2019-11-07,44,39,179,36,69,46
2019-11-08,46,46,179,31,77,50
2019-11-09,54,47,174,35,62,60
2019-11-10,57,42,195,33,49,60
2019-11-11,49,59,168,35,61,53
2019-11-12,51,36,188,35,60,44
2019-11-13,58,45,148,34,66,56
2019-11-14,48,60,194,36,47,54
2019-11-15,63,54,170,33,39,59
2019-11-16,55,50,177,33,52,50
2019-11-17,57,39,166,36,55,58
2019-11-18,60,38,175,31,43,53
2019-11-19,66,45,196,38,47,53
2019-11-20,50,42,164,31,53,57
2019-11-21,59,53,169,33,47,50
2019-11-22,61,48,178,35,45,60
2019-11-23,50,59,171,35,62,47
2019-11-24,55,37,175,37,53,61
2019-11-25,53,40,170,43,48,50
2019-11-26,48,41,188,32,53,58
2019-11-27,57,45,183,34,61,55
2019-11-28,42,47,160,37,58,54
2019-11-29,48,59,143,36,54,49
2019-11-30,58,36,156,35,55,54
2019-12-01,56,47,161,33,48,54
2019-12-02,50,47,158,37,56,53
2019-12-03,57,45,176,35,56,56
2019-12-04,43,36,171,39,55,64
2019-12-05,56,38,157,30,45,59
2019-12-06,46,38,155,32,37,44
2019-12-07,54,48,159,34,44,57
2019-12-08,49,43,175,31,56,54
2019-12-09,55,37,169,35,48,59
2019-12-10,58,52,169,33,46,52
2019-12-11,52,51,158,33,51,62
2019-12-12,42,55,190,32,52,58
2019-12-13,49,32,172,35,55,52
2019-12-14,58,37,173,35,64,52
2019-12-15,70,36,188,33,70,52
2019-12-16,62,33,170,36,54,57
2019-12-17,60,51,165,33,53,56
2019-12-18,57,36,184,34,62,53
2019-12-19,50,41,186,36,56,48
2019-12-20,60,42,160,32,60,64
2019-12-21,61,44,196,34,55,51
2019-12-22,52,47,157,32,62,51
2019-12-23,39,34,176,33,62,55
2019-12-24,77,36,183,29,78,55
2019-12-25,51,42,189,33,78,41
2019-12-26,61,45,182,35,76,38
2019-12-27,58,29,166,36,42,49
2019-12-28,51,37,183,25,72,67
2019-12-29,53,41,170,28,52,62
2019-12-30,49,46,172,35,66,51
2019-12-31,51,38,199,31,60,63
2020-01-01,46,35,184,24,76,56
2020-01-02,50,44,172,30,67,54
2020-01-03,63,49,178,33,69,49
2020-01-04,66,25,175,32,59,50
2020-01-05,63,25,192,30,74,65
2020-01-06,51,39,163,32,56,43
2020-01-07,56,52,188,34,62,56
2020-01-08,46,42,174,33,42,58
2020-01-09,41,39,178,32,57,66
2020-01-10,67,34,138,31,58,70
2020-01-11,51,35,168,33,70,51
2020-01-12,60,46,190,34,54,62
2020-01-13,44,43,187,28,58,52
2020-01-14,46,51,197,32,59,60
2020-01-15,62,47,166,35,58,52
2020-01-16,46,44,164,36,37,44
2020-01-17,65,34,180,36,69,61
2020-01-18,56,35,181,29,56,45
2020-01-19,51,39,183,31,63,44
2020-01-20,47,34,176,36,59,57
2020-01-21,48,39,185,33,60,42
2020-01-22,54,38,177,36,59,42
2020-01-23,54,40,167,31,56,53
2020-01-24,52,44,145,34,66,50
2020-01-25,57,38,173,32,70,48
2020-01-26,74,80,177,65,71,56
2020-01-27,72,161,200,102,51,63
2020-01-28,64,201,235,82,51,68
2020-01-29,70,191,203,95,52,79
2020-01-30,78,202,202,75,65,89
2020-01-31,76,216,219,126,67,84
2020-02-01,65,135,197,93,63,68
2020-02-02,64,135,168,70,53,63
2020-02-03,48,60,155,32,65,59
2020-02-04,51,44,176,34,71,50
2020-02-05,54,53,168,32,67,56
2020-02-06,61,52,168,35,64,47
2020-02-07,61,49,161,35,71,52
2020-02-08,61,50,171,34,74,52
2020-02-09,65,48,186,31,43,48
2020-02-10,45,53,174,31,45,54
2020-02-11,59,53,161,31,61,52
2020-02-12,54,55,158,34,53,52
2020-02-13,64,35,183,35,39,61
2020-02-14,37,40,171,35,45,65
2020-02-15,48,47,161,30,54,64
2020-02-16,52,48,160,33,58,62
2020-02-17,51,51,171,31,88,66
2020-02-18,51,48,140,30,74,48
2020-02-19,67,40,161,29,57,49
2020-02-20,58,53,181,29,84,48
2020-02-21,49,39,153,31,61,49
2020-02-22,45,42,148,33,55,50
2020-02-23,66,47,154,27,64,55
2020-02-24,45,34,135,33,62,50
2020-02-25,57,34,136,29,71,62
2020-02-26,38,47,138,32,61,47
2020-02-27,62,32,134,31,30,64
2020-02-28,54,46,161,31,62,45
2020-02-29,58,34,164,30,75,48
2020-03-01,49,41,161,29,51,49
2020-03-02,42,43,139,32,76,59
2020-03-03,63,51,159,34,69,49
2020-03-04,56,39,167,30,44,51
2020-03-05,55,42,148,32,49,37
2020-03-06,54,41,157,37,55,61
2020-03-07,50,42,167,32,58,53
2020-03-08,61,36,180,36,81,47
2020-03-09,44,39,154,34,51,53
2020-03-10,53,43,171,32,49,60
2020-03-11,46,53,159,32,58,42
2020-03-12,49,46,177,33,60,42
2020-03-13,56,38,165,35,71,62
2020-03-14,62,45,156,30,77,58
2020-03-15,55,44,169,32,45,74
2020-03-16,43,40,172,33,41,62
2020-03-17,43,44,145,34,57,56
2020-03-18,61,45,133,31,61,49
2020-03-19,53,61,154,31,54,60
2020-03-20,75,41,166,31,58,59
2020-03-21,61,37,164,29,58,43
2020-03-22,45,47,146,30,58,58
2020-03-23,53,43,195,31,52,47
2020-03-24,52,44,160,32,48,54
2020-03-25,42,35,177,30,54,57
2020-03-26,52,35,133,30,70,56
2020-03-27,61,53,142,28,47,66
2020-03-28,63,64,161,31,71,51
2020-03-29,43,45,185,30,43,49
2020-03-30,61,41,185,29,58,52
2020-03-31,60,52,156,31,61,55
2020-04-01,40,38,157,28,55,48
2020-04-02,62,41,148,30,78,55
2020-04-03,56,43,160,32,77,63
2020-04-04,68,44,171,30,61,52
2020-04-05,55,49,159,25,85,58
2020-04-06,70,55,143,30,81,55
2020-04-07,61,31,136,30,77,55
2020-04-08,59,40,180,28,85,59
2020-04-09,50,62,167,30,77,70
2020-04-10,59,53,153,29,70,71
2020-04-11,55,53,162,33,76,58
2020-04-12,47,41,165,31,70,58
2020-04-13,59,57,174,31,66,60
2020-04-14,59,62,162,28,51,65
2020-04-15,56,64,152,30,56,50
2020-04-16,61,64,150,33,67,62
2020-04-17,47,61,154,29,64,51
2020-04-18,58,55,137,26,68,61
2020-04-19,66,50,144,30,73,49
2020-04-20,56,37,146,31,65,60
2020-04-21,54,59,133,30,76,53
2020-04-22,56,48,180,29,58,69
2020-04-23,50,53,149,31,70,62
2020-04-24,60,48,138,33,77,58
2020-04-25,56,51,141,27,73,68
2020-04-26,46,54,158,28,73,56
2020-04-27,61,57,168,33,68,48
2020-04-28,64,49,157,27,86,56
2020-04-29,60,49,138,26,62,44
2020-04-30,56,55,167,29,65,58
2020-05-01,58,62,124,31,66,67
2020-05-02,49,45,166,27,77,61
2020-05-03,64,55,171,30,71,64
2020-05-04,52,58,141,33,93,72
2020-05-05,57,58,154,30,66,49
2020-05-06,66,52,169,30,98,51
2020-05-07,57,63,158,28,83,43
2020-05-08,55,57,158,29,85,58
2020-05-09,72,56,153,27,84,56
2020-05-10,56,55,140,24,81,53
2020-05-11,52,41,151,26,91,48
2020-05-12,49,43,170,29,78,44
2020-05-13,65,51,174,30,80,46
2020-05-14,40,51,145,29,96,52
2020-05-15,47,51,145,26,75,51
2020-05-16,53,59,127,24,89,59
2020-05-17,43,53,150,25,83,60
2020-05-18,54,75,139,29,61,57
2020-05-19,55,53,172,21,88,49
2020-05-20,48,68,146,24,86,41
2020-05-21,56,59,182,24,85,58
2020-05-22,54,48,166,25,58,57
2020-05-23,46,69,153,25,85,49
2020-05-24,53,46,133,24,66,58
2020-05-25,51,29,149,23,74,43
2020-05-26,67,41,157,25,86,48
2020-05-27,49,78,174,25,77,38
2020-05-28,53,57,156,28,81,39
2020-05-29,49,50,173,28,78,55
2020-05-30,50,75,153,22,76,43
2020-05-31,42,66,162,26,89,54
2020-06-01,36,65,158,27,77,56
2020-06-02,54,62,187,27,91,54
2020-06-03,42,35,203,30,84,47
2020-06-04,56,56,167,28,98,54
2020-06-05,46,69,126,26,80,60
2020-06-06,54,43,151,30,76,43
2020-06-07,43,52,167,29,78,41
2020-06-08,54,55,157,24,72,52
2020-06-09,51,57,144,20,85,43
2020-06-10,46,57,185,24,93,51
2020-06-11,41,24,168,25,84,43
2020-06-12,55,28,147,27,88,48
2020-06-13,44,58,132,23,81,43
2020-06-14,41,72,156,25,97,33
2020-06-15,55,59,162,28,78,44
2020-06-16,46,58,152,24,86,45
2020-06-17,51,61,159,29,95,46
2020-06-18,33,53,164,25,77,40
2020-06-19,39,67,158,27,98,48
2020-06-20,51,66,138,27,87,47
2020-06-21,45,56,162,33,88,40
2020-06-22,58,52,181,25,96,34
2020-06-23,48,47,152,23,82,39
2020-06-24,60,47,160,28,83,52
2020-06-25,60,46,142,27,75,46
2020-06-26,44,48,147,24,97,51
2020-06-27,57,18,149,25,83,49
2020-06-28,48,14,137,25,71,52
2020-06-29,52,48,168,26,99,49
2020-06-30,47,92,145,24,93,49
2020-07-01,49,74,173,22,70,57
2020-07-02,51,75,149,29,69,52
2020-07-03,46,63,155,31,89,46
2020-07-04,45,56,133,30,81,43
2020-07-05,64,37,129,25,89,39
2020-07-06,48,61,167,28,73,39
2020-07-07,63,68,158,28,104,49
2020-07-08,45,67,168,30,70,38
2020-07-09,49,51,175,26,82,51
2020-07-10,50,72,160,25,80,41
2020-07-11,43,44,156,24,93,46
2020-07-12,60,40,177,28,80,43
2020-07-13,56,13,156,29,86,35
2020-07-14,59,16,173,25,86,46
2020-07-15,45,80,155,29,72,42
2020-07-16,59,111,190,30,83,54
2020-07-17,51,102,169,30,81,60
2020-07-18,45,82,165,30,90,43
2020-07-19,53,67,151,29,71,47
2020-07-20,50,80,174,28,95,47
2020-07-21,53,71,176,27,72,50
2020-07-22,56,66,174,32,74,41
2020-07-23,52,60,182,30,67,50
2020-07-24,50,39,150,32,94,48
2020-07-25,66,68,154,30,91,50
2020-07-26,58,53,171,26,98,61
2020-07-27,48,46,156,31,96,51
2020-07-28,45,51,179,27,78,46
2020-07-29,65,64,167,29,87,42
2020-07-30,61,59,156,33,95,54
2020-07-31,57,68,148,32,93,57
2020-08-01,61,67,143,28,80,43
2020-08-02,47,66,146,31,88,49
2020-08-03,44,63,137,32,90,53
2020-08-04,45,47,135,28,98,51
2020-08-05,58,66,154,29,84,49
2020-08-06,58,59,173,30,99,58
2020-08-07,43,56,168,31,87,50
2020-08-08,55,44,154,30,78,42
2020-08-09,50,45,173,27,86,36
2020-08-10,50,56,160,29,75,58
2020-08-11,55,50,147,25,78,40
2020-08-12,51,36,140,28,86,46
2020-08-13,52,48,151,27,85,53
2020-08-14,50,77,155,27,93,55
2020-08-15,46,52,168,30,117,48
2020-08-16,54,53,158,35,85,49
2020-08-17,56,57,157,34,80,60
2020-08-18,51,40,149,33,96,44
2020-08-19,46,67,184,34,85,52
2020-08-20,59,54,147,35,104,53
2020-08-21,67,66,148,32,67,61
2020-08-22,57,66,168,34,72,37
2020-08-23,57,65,154,33,88,48
2020-08-24,48,62,154,32,65,60
2020-08-25,61,50,186,30,74,64
2020-08-26,55,44,143,31,65,54
2020-08-27,56,61,173,34,76,51
2020-08-28,56,48,179,30,74,57
2020-08-29,60,61,173,30,83,49
2020-08-30,62,34,158,28,84,54
2020-08-31,59,52,155,27,77,54
2020-09-01,59,61,173,25,86,62
2020-09-02,46,56,139,28,81,61
2020-09-03,57,62,147,28,87,62
2020-09-04,51,65,179,26,80,48
2020-09-05,57,48,153,28,82,49
2020-09-06,70,58,160,26,91,62
2020-09-07,56,61,150,25,102,51
2020-09-08,62,43,154,28,84,40
2020-09-09,57,62,153,27,95,48
2020-09-10,49,51,147,29,86,56
2020-09-11,48,41,172,30,93,60
2020-09-12,61,67,171,30,99,46
2020-09-13,61,58,140,30,91,44
2020-09-14,51,42,150,32,67,53
2020-09-15,62,73,181,35,69,59
2020-09-16,57,67,156,32,91,51
2020-09-17,52,53,145,35,94,56
2020-09-18,48,52,149,32,84,61
2020-09-19,61,51,173,30,92,34
2020-09-20,62,40,176,31,91,46
2020-09-21,48,37,163,32,106,59
2020-09-22,54,56,174,31,95,57
2020-09-23,43,56,161,33,77,49
2020-09-24,53,65,175,27,93,55
2020-09-25,52,58,172,31,101,56
2020-09-26,54,39,146,29,83,51
2020-09-27,51,55,144,31,112,51
2020-09-28,67,57,159,32,91,40
2020-09-29,55,44,139,30,72,54
2020-09-30,61,64,177,32,94,46
2020-10-01,54,46,185,32,88,56
2020-10-02,47,34,140,30,90,48
2020-10-03,52,47,165,29,107,53
2020-10-04,68,52,155,30,88,64
2020-10-05,45,59,175,30,88,57
2020-10-06,67,64,155,32,100,57
2020-10-07,45,55,161,30,100,55
2020-10-08,67,53,150,31,108,57
2020-10-09,56,40,165,30,88,45
2020-10-10,66,53,141,33,86,51
2020-10-11,53,41,158,35,68,58
2020-10-12,65,59,158,34,77,46
2020-10-13,51,43,183,31,63,56
2020-10-14,44,43,151,38,60,59
2020-10-15,60,54,159,34,95,54
2020-10-16,49,47,172,35,72,35
2020-10-17,65,63,163,36,78,49
2020-10-18,45,49,150,36,83,43
2020-10-19,45,55,147,36,71,52
2020-10-20,54,45,131,36,86,59
2020-10-21,62,38,152,37,92,54
2020-10-22,47,57,151,36,89,49
2020-10-23,52,53,163,38,99,56
2020-10-24,51,60,178,35,97,54
2020-10-25,46,41,155,35,75,52
2020-10-26,81,47,145,36,90,48
2020-10-27,59,51,153,32,90,56
2020-10-28,53,54,172,35,94,59
2020-10-29,42,51,161,35,77,60
2020-10-30,54,37,147,31,90,61
2020-10-31,56,50,149,30,86,57
2020-11-01,55,42,180,33,86,46
2020-11-02,64,44,171,33,85,54
2020-11-03,53,50,156,31,83,53
2020-11-04,51,51,172,29,81,51
2020-11-05,61,56,157,29,88,58
2020-11-06,53,51,149,34,61,47
2020-11-07,52,31,142,31,61,52
2020-11-08,41,39,169,32,57,60
2020-11-09,69,56,169,27,66,65
2020-11-10,61,47,165,33,89,48
2020-11-11,46,47,134,33,93,62
2020-11-12,41,56,156,31,71,48
2020-11-13,60,49,186,35,53,54
2020-11-14,63,48,173,31,60,66
2020-11-15,59,49,177,29,53,53
2020-11-16,66,58,153,36,49,52
2020-11-17,53,62,157,31,64,64
2020-11-18,66,42,158,32,54,53
2020-11-19,43,43,194,34,59,54
2020-11-20,56,41,163,35,53,56
2020-11-21,64,52,176,34,53,63
2020-11-22,52,48,138,33,65,58
2020-11-23,60,45,164,33,43,52
2020-11-24,62,53,157,33,61,39
2020-11-25,48,34,166,33,60,58
2020-11-26,52,51,162,35,57,47
2020-11-27,50,45,167,35,64,61
2020-11-28,60,54,167,36,63,61
2020-11-29,60,65,166,36,57,59
2020-11-30,64,42,153,32,57,44
2020-12-01,55,37,167,33,56,43
2020-12-02,61,29,155,37,80,55
2020-12-03,55,41,147,33,86,44
2020-12-04,57,44,146,32,76,66
2020-12-05,57,42,149,33,71,50
2020-12-06,45,39,141,34,48,51
2020-12-07,59,54,186,35,53,59
2020-12-08,53,49,134,36,51,55
2020-12-09,47,55,181,35,62,53
2020-12-10,62,60,163,31,55,54
2020-12-11,59,49,138,35,59,52
2020-12-12,54,49,153,36,48,44
2020-12-13,57,38,184,34,53,50
2020-12-14,52,44,155,34,59,54
2020-12-15,59,47,148,38,53,47
2020-12-16,54,43,174,26,59,48
2020-12-17,59,35,158,36,55,60
2020-12-18,48,39,138,35,53,49
2020-12-19,57,33,151,33,56,62
2020-12-20,58,42,171,33,63,53
2020-12-21,57,50,157,35,45,57
2020-12-22,57,50,167,32,52,51
2020-12-23,66,50,200,36,67,46
2020-12-24,57,40,180,33,55,53
2020-12-25,63,38,182,31,63,62
2020-12-26,44,43,163,35,71,52
2020-12-27,51,36,173,30,59,52
2020-12-28,48,41,174,37,58,47
2020-12-29,58,45,161,31,63,45
2020-12-30,56,35,135,32,65,51
2020-12-31,55,34,161,30,70,54
2021-01-01,50,41,155,34,66,59
2021-01-02,66,46,160,28,64,62
2021-01-03,46,38,171,37,66,49
2021-01-04,51,48,155,33,51,55
2021-01-05,65,43,175,29,71,47
2021-01-06,66,48,164,33,69,52
2021-01-07,58,56,166,33,59,41
2021-01-08,63,37,163,30,54,64
2021-01-09,59,47,154,34,63,57
2021-01-10,54,37,155,30,43,60
2021-01-11,55,34,178,38,64,49
2021-01-12,55,52,142,31,59,49
2021-01-13,74,44,149,31,62,50
2021-01-14,62,45,173,31,64,51
2021-01-15,46,61,187,35,72,55
2021-01-16,52,38,195,32,66,53
2021-01-17,58,40,201,33,72,54
2021-01-18,43,41,193,33,86,49
2021-01-19,58,45,188,31,103,43
2021-01-20,70,42,156,34,82,47
2021-01-21,50,52,147,32,70,57
2021-01-22,51,30,166,34,58,53
2021-01-23,52,32,181,33,56,46
2021-01-24,60,39,158,36,43,68
2021-01-25,63,37,159,34,56,54
2021-01-26,59,44,116,34,61,48
2021-01-27,57,44,193,32,84,43
2021-01-28,60,42,178,34,74,49
2021-01-29,53,35,162,34,87,61
2021-01-30,70,48,177,32,69,53
2021-01-31,61,41,146,34,60,46
2021-02-01,38,54,155,29,63,50
2021-02-02,60,49,151,31,65,50
2021-02-03,54,36,170,34,68,64
2021-02-04,63,47,151,33,85,57
2021-02-05,61,46,179,37,70,66
2021-02-06,66,42,164,28,64,40
2021-02-07,52,50,179,37,63,43
2021-02-08,71,35,170,35,56,53
2021-02-09,62,50,168,32,69,55
2021-02-10,50,36,158,36,69,65
2021-02-11,64,64,170,34,78,67
2021-02-12,54,51,157,29,93,65
2021-02-13,57,50,150,25,73,60
2021-02-14,66,42,150,33,76,55
2021-02-15,68,39,169,34,102,50
2021-02-16,64,44,177,31,81,41
2021-02-17,59,48,180,32,77,50
2021-02-18,71,38,170,36,70,59
2021-02-19,45,39,152,34,78,69
2021-02-20,54,54,139,38,62,66
2021-02-21,58,39,164,37,46,47
2021-02-22,53,61,180,36,60,54
2021-02-23,63,38,146,31,67,62
2021-02-24,55,59,134,36,52,50
2021-02-25,59,56,179,31,76,65
2021-02-26,61,52,156,31,51,65
2021-02-27,52,41,215,33,64,43
2021-02-28,67,47,173,32,36,64
2021-03-01,48,57,159,35,72,64
2021-03-02,64,57,187,31,78,51
2021-03-03,56,55,149,32,80,65
2021-03-04,59,52,139,33,69,58
2021-03-05,70,44,147,35,75,61
2021-03-06,66,45,131,37,66,54
2021-03-07,60,43,148,33,40,65
2021-03-08,59,49,158,36,65,57
2021-03-09,59,41,130,35,80,69
2021-03-10,65,56,158,32,43,61
2021-03-11,51,60,147,33,81,56
2021-03-12,57,46,165,36,68,54
2021-03-13,62,41,123,32,60,50
2021-03-14,64,45,166,33,62,58
2021-03-15,66,40,186,30,81,52
2021-03-16,67,46,157,34,88,57
2021-03-17,54,48,169,34,57,47
2021-03-18,54,63,177,34,64,51
2021-03-19,66,50,174,33,87,61
2021-03-20,63,45,153,34,70,54
2021-03-21,57,52,165,32,59,48
2021-03-22,56,30,163,35,63,59
2021-03-23,44,51,157,31,85,38
2021-03-24,58,49,176,34,88,14
2021-03-25,42,55,143,37,90,2
2021-03-26,41,46,139,32,58,9
2021-03-27,30,47,158,31,85,9
2021-03-28,39,53,162,32,68,10
2021-03-29,30,50,173,30,80,33
2021-03-30,29,39,149,28,90,65
2021-03-31,32,43,181,31,92,63
2021-04-01,49,52,180,33,112,77
2021-04-02,54,57,174,28,80,77
2021-04-03,66,57,176,36,101,88
2021-04-04,66,57,146,31,89,87
2021-04-05,62,37,168,31,73,48
2021-04-06,66,50,180,30,59,78
2021-04-07,71,70,187,33,101,69
2021-04-08,57,55,194,32,102,77
2021-04-09,73,52,188,32,115,88
2021-04-10,59,62,188,28,94,69
2021-04-11,58,39,190,37,80,68
2021-04-12,83,55,193,34,73,45
2021-04-13,73,56,147,32,57,46
2021-04-14,54,53,137,32,57,50
2021-04-15,73,51,135,34,82,48
2021-04-16,54,36,150,35,93,55
2021-04-17,55,59,146,38,94,54
2021-04-18,45,56,162,33,83,48
2021-04-19,62,40,183,34,84,59
2021-04-20,52,64,175,33,103,56
2021-04-21,49,55,157,34,99,55
2021-04-22,43,55,158,33,105,55
2021-04-23,55,49,153,29,92,57
2021-04-24,51,56,167,29,104,53
2021-04-25,56,67,178,30,78,70
2021-04-26,56,46,156,31,74,53
2021-04-27,48,53,138,32,80,40
2021-04-28,67,53,145,32,75,48
2021-04-29,56,42,153,29,73,44
2021-04-30,62,32,202,28,74,49
2021-05-01,47,41,211,28,68,62
2021-05-02,50,51,176,33,81,56
2021-05-03,65,44,195,30,85,59
2021-05-04,72,60,161,30,73,52
2021-05-05,52,40,197,31,59,57
2021-05-06,60,39,157,28,83,60
2021-05-07,61,50,151,33,94,56
2021-05-08,59,51,167,35,104,62
2021-05-09,47,55,150,33,69,61
2021-05-10,51,31,160,31,85,41
2021-05-11,70,50,168,29,101,62
2021-05-12,47,57,163,32,98,56
2021-05-13,49,57,148,29,104,64
2021-05-14,63,68,157,29,88,53
2021-05-15,62,48,145,29,63,44
2021-05-16,49,70,147,32,80,63
2021-05-17,53,46,140,31,84,61
2021-05-18,61,48,147,34,83,65
2021-05-19,51,68,129,29,86,61
2021-05-20,54,33,152,31,85,42
2021-05-21,46,35,159,35,89,46
2021-05-22,62,43,147,33,89,54
2021-05-23,66,50,132,34,86,51
2021-05-24,59,74,138,34,87,54
2021-05-25,54,51,169,33,77,46
2021-05-26,54,54,144,32,84,49
2021-05-27,57,48,143,29,86,82
2021-05-28,54,47,160,33,83,53
2021-05-29,55,44,162,30,92,61
2021-05-30,61,52,172,27,94,66
2021-05-31,51,43,155,32,91,53
2021-06-01,47,43,164,30,105,36
2021-06-02,66,62,155,31,90,53
2021-06-03,60,30,139,35,98,54
2021-06-04,53,47,148,27,97,52
2021-06-05,62,43,141,33,98,59
2021-06-06,61,53,142,32,88,58
2021-06-07,61,57,152,35,83,63
2021-06-08,52,63,161,30,74,48
2021-06-09,41,53,136,34,93,55
2021-06-10,62,49,145,33,92,51
2021-06-11,57,63,150,29,96,60
2021-06-12,57,46,155,35,93,55
2021-06-13,56,56,127,31,91,55
2021-06-14,55,49,143,33,86,60
2021-06-15,61,52,131,37,90,57
2021-06-16,69,59,145,31,104,55
2021-06-17,42,46,135,29,92,56
2021-06-18,56,44,128,31,96,50
2021-06-19,67,54,141,30,86,52
2021-06-20,56,63,177,31,89,60
2021-06-21,54,58,134,28,90,54
2021-06-22,64,45,123,26,97,60
2021-06-23,63,41,137,32,94,43
2021-06-24,65,45,144,33,84,55
2021-06-25,71,37,154,31,108,65
2021-06-26,66,37,144,27,88,63
2021-06-27,54,49,163,30,74,52
2021-06-28,60,64,149,33,94,70
2021-06-29,62,56,151,30,86,66
2021-06-30,59,45,145,29,86,43
2021-07-01,51,35,138,29,98,55
2021-07-02,61,54,179,32,93,53
2021-07-03,69,37,159,31,87,48
2021-07-04,58,32,148,31,82,52
2021-07-05,56,59,101,28,87,49
2021-07-06,44,80,152,21,78,55
2021-07-07,59,45,146,25,106,48
2021-07-08,64,56,148,27,84,56
2021-07-09,50,57,147,29,95,62
2021-07-10,59,43,170,25,82,49
2021-07-11,55,49,150,28,77,62
2021-07-12,58,43,155,27,87,49
2021-07-13,60,37,146,25,75,57
2021-07-14,49,55,138,28,92,57
2021-07-15,58,63,147,26,78,47
2021-07-16,53,71,137,27,81,59
2021-07-17,53,54,156,36,78,54
2021-07-18,63,61,134,36,71,55
2021-07-19,56,61,131,35,89,52
2021-07-20,64,38,151,36,91,48
2021-07-21,73,31,122,36,82,53
2021-07-22,61,38,114,35,86,62
2021-07-23,69,67,134,38,98,52
2021-07-24,46,55,125,38,72,62
2021-07-25,63,55,142,35,80,63
2021-07-26,73,49,119,37,95,68
2021-07-27,54,64,152,37,99,59
2021-07-28,66,47,115,34,96,58
2021-07-29,57,48,133,36,77,62
2021-07-30,55,53,170,38,84,66
2021-07-31,61,57,116,36,83,53
2021-08-01,47,55,134,35,87,58
2021-08-02,59,41,143,40,84,62
2021-08-03,65,66,144,35,93,64
2021-08-04,57,45,129,33,94,59
2021-08-05,48,48,150,34,91,65
2021-08-06,67,55,139,34,102,62
2021-08-07,53,47,151,35,91,56
2021-08-08,51,48,140,35,88,58
2021-08-09,70,40,144,34,93,59
2021-08-10,52,38,149,35,83,69
2021-08-11,58,39,128,32,68,73
2021-08-12,70,42,152,35,82,58
2021-08-13,74,40,160,37,98,56
2021-08-14,63,60,147,33,92,55
2021-08-15,74,46,151,33,80,60
2021-08-16,54,61,122,26,72,75
2021-08-17,54,52,129,32,62,58
2021-08-18,64,52,133,35,62,62
2021-08-19,62,33,128,29,75,63
2021-08-20,59,33,212,33,73,70
2021-08-21,76,49,200,27,100,65
2021-08-22,70,60,169,32,73,58
2021-08-23,49,58,159,35,84,70
2021-08-24,58,39,181,32,83,69
2021-08-25,55,47,169,33,64,61
2021-08-26,53,40,143,37,95,62
2021-08-27,73,41,133,35,93,65
2021-08-28,59,35,157,35,89,59
2021-08-29,53,50,154,34,83,65
2021-08-30,57,33,183,35,80,50
2021-08-31,63,40,129,31,94,59
2021-09-01,62,50,125,29,80,45
2021-09-02,61,74,151,32,89,68
2021-09-03,65,55,145,29,88,67
2021-09-04,61,46,141,29,78,61
2021-09-05,51,61,161,29,75,72
2021-09-06,61,56,141,31,79,63
2021-09-07,74,53,156,30,70,67
2021-09-08,56,53,165,31,87,72
2021-09-09,56,37,126,26,95,56
2021-09-10,74,46,150,24,79,62
2021-09-11,59,49,134,24,75,43
2021-09-12,55,54,138,29,75,62
2021-09-13,70,48,134,26,80,53
2021-09-14,54,43,135,29,96,64
2021-09-15,49,58,151,27,94,64
2021-09-16,50,43,155,32,110,59
2021-09-17,65,55,133,22,94,60
2021-09-18,55,40,151,31,102,68
2021-09-19,48,49,126,24,76,71
2021-09-20,67,35,148,24,83,63
2021-09-21,59,47,144,30,76,65
2021-09-22,69,52,135,30,88,69
2021-09-23,79,51,125,28,79,59
2021-09-24,80,46,137,31,99,67
2021-09-25,68,43,151,29,110,55
2021-09-26,53,52,151,30,84,67
2021-09-27,62,51,154,30,72,46
2021-09-28,65,45,150,30,82,80
2021-09-29,54,42,173,32,105,82
2021-09-30,57,50,142,32,99,62
2021-10-01,52,49,150,29,89,54
2021-10-02,60,39,162,30,86,62
2021-10-03,62,34,143,29,53,57
2021-10-04,75,30,139,33,79,51
2021-10-05,56,46,145,32,90,75
2021-10-06,53,48,147,34,97,59
2021-10-07,56,48,145,23,86,57
2021-10-08,68,35,154,29,114,70
2021-10-09,65,47,144,34,101,59
2021-10-10,66,50,147,24,94,60
2021-10-11,34,36,106,31,37,69
2021-10-12,70,43,116,33,69,64
2021-10-13,63,43,164,35,84,60
2021-10-14,60,44,120,35,95,60
2021-10-15,63,41,154,31,104,59
2021-10-16,52,35,154,34,95,71
2021-10-17,60,26,144,30,72,64
2021-10-18,37,44,153,36,88,62
2021-10-19,62,40,143,35,73,57
2021-10-20,54,41,148,35,91,64
2021-10-21,66,42,161,35,81,66
2021-10-22,63,59,160,38,65,67
2021-10-23,58,35,163,34,83,36
2021-10-24,57,35,144,29,86,78
2021-10-25,72,43,147,38,64,43
2021-10-26,56,48,144,34,71,67
2021-10-27,48,36,168,31,59,61
2021-10-28,63,57,146,34,64,57
2021-10-29,60,42,152,31,70,57
2021-10-30,62,43,152,31,84,68
2021-10-31,54,37,146,32,80,63
2021-11-01,67,29,125,36,104,63
2021-11-02,65,36,165,34,83,68
2021-11-03,66,47,158,33,93,62
2021-11-04,65,31,153,35,67,58
2021-11-05,68,40,171,28,79,74
2021-11-06,65,46,134,33,56,56
2021-11-07,53,40,165,38,44,54
2021-11-08,46,52,189,36,53,53
2021-11-09,60,47,215,32,94,67
2021-11-10,61,46,212,31,83,67
2021-11-11,49,36,211,32,98,55
2021-11-12,59,45,198,33,72,59
2021-11-13,61,48,211,35,88,43
2021-11-14,55,55,228,34,81,79
2021-11-15,62,34,209,36,86,64
2021-11-16,53,42,206,36,94,63
2021-11-17,56,49,213,38,84,66
2021-11-18,66,31,204,35,74,56
2021-11-19,78,30,191,38,83,69
2021-11-20,70,35,209,33,87,64
2021-11-21,66,43,201,34,93,58
2021-11-22,77,40,211,36,97,67
2021-11-23,65,44,186,40,108,68
2021-11-24,67,53,220,37,88,61
2021-11-25,57,31,196,37,104,65
2021-11-26,58,34,196,37,102,64
2021-11-27,61,52,201,37,99,67
2021-11-28,65,46,179,40,67,72
2021-11-29,63,44,231,35,86,59
2021-11-30,56,40,182,37,70,69
2021-12-01,57,53,220,37,88,57
2021-12-02,56,47,203,38,71,46
2021-12-03,73,45,209,39,95,55
2021-12-04,72,50,217,33,73,65
2021-12-05,49,42,194,37,82,52
2021-12-06,65,37,207,36,61,68
2021-12-07,65,29,206,39,71,53
2021-12-08,49,45,189,34,60,55
2021-12-09,65,42,193,35,101,68
2021-12-10,61,52,178,37,88,69
2021-12-11,56,53,195,35,73,58
2021-12-12,57,45,214,33,77,64
2021-12-13,59,53,206,37,64,62
2021-12-14,64,48,220,39,86,56
2021-12-15,61,47,196,31,87,55
2021-12-16,61,27,188,39,57,46
2021-12-17,45,35,189,35,70,60
2021-12-18,69,44,191,37,99,60
2021-12-19,63,36,175,33,91,66
2021-12-20,66,33,226,28,78,47
2021-12-21,63,39,176,38,61,63
2021-12-22,68,46,180,36,71,70
2021-12-23,57,27,214,34,75,66
2021-12-24,59,50,199,32,98,47
2021-12-25,68,43,220,36,102,62
2021-12-26,58,42,214,34,86,65
2021-12-27,63,36,206,36,63,57
2021-12-28,44,39,222,34,69,60
2021-12-29,69,39,209,33,89,52
2021-12-30,55,42,202,37,65,58
2021-12-31,65,57,189,35,83,59
2022-01-01,58,49,208,32,60,60
2022-01-02,68,35,213,34,76,54
2022-01-03,62,39,175,32,73,63
2022-01-04,54,37,214,29,73,69
2022-01-05,62,41,180,33,76,55
2022-01-06,73,45,217,36,71,67
2022-01-07,73,41,217,31,66,73
2022-01-08,48,46,210,34,74,46
2022-01-09,65,47,216,34,82,58
2022-01-10,66,31,206,34,89,51
2022-01-11,54,46,215,34,71,77
2022-01-12,67,44,199,28,88,58
2022-01-13,56,41,184,32,77,63
2022-01-14,47,46,196,35,88,50
2022-01-15,72,33,202,37,70,52
2022-01-16,65,34,207,32,85,51
2022-01-17,58,42,218,33,75,51
2022-01-18,65,44,202,35,85,69
2022-01-19,66,41,203,31,82,63
2022-01-20,59,37,210,31,83,67
2022-01-21,63,48,226,35,70,44
2022-01-22,55,34,206,31,65,60
2022-01-23,60,43,204,32,71,56
2022-01-24,50,42,195,35,79,67
2022-01-25,54,37,203,35,89,69
2022-01-26,53,48,236,34,95,49
2022-01-27,59,49,206,35,99,61
2022-01-28,73,47,204,30,86,56
2022-01-29,65,39,208,34,103,53
2022-01-30,68,38,221,36,90,55
2022-01-31,57,41,236,34,89,62
2022-02-01,57,46,200,31,93,63
2022-02-02,56,51,190,36,88,63
2022-02-03,70,50,219,30,104,71
2022-02-04,74,39,197,37,98,55
2022-02-05,64,36,183,36,102,56
2022-02-06,64,46,193,35,84,59
2022-02-07,54,32,219,35,70,74
2022-02-08,75,28,230,36,98,84
2022-02-09,65,40,214,33,100,59
2022-02-10,68,48,209,39,92,53
2022-02-11,71,28,196,35,107,68
2022-02-12,63,45,206,36,106,64
2022-02-13,82,52,204,32,84,65
2022-02-14,57,55,210,35,78,62
2022-02-15,48,58,186,28,90,71
2022-02-16,58,42,218,34,101,51
2022-02-17,62,49,218,34,98,61
2022-02-18,66,44,203,33,93,58
2022-02-19,49,52,234,32,109,80
2022-02-20,54,39,195,34,99,52
2022-02-21,66,30,195,36,90,59
2022-02-22,76,40,205,39,78,54
2022-02-23,51,48,185,32,104,63
2022-02-24,66,44,190,34,90,61
2022-02-25,73,41,209,34,115,62
2022-02-26,68,42,191,36,99,63
2022-02-27,53,37,195,39,93,61
2022-02-28,60,24,202,35,71,68
2022-03-01,49,39,207,33,77,65
2022-03-02,75,43,194,35,84,56
2022-03-03,57,48,206,35,106,71
2022-03-04,56,46,208,36,89,67
2022-03-05,59,39,234,38,82,55
2022-03-06,56,37,211,33,99,58
2022-03-07,61,38,176,33,83,61
2022-03-08,49,31,184,29,96,51
2022-03-09,63,49,231,38,80,64
2022-03-10,64,52,197,33,112,68
2022-03-11,73,36,196,34,101,51
2022-03-12,65,40,207,32,102,49
2022-03-13,62,40,204,36,113,60
2022-03-14,63,49,217,33,109,72
2022-03-15,60,50,205,36,94,69
2022-03-16,68,41,209,33,106,66
2022-03-17,75,39,193,36,82,48
2022-03-18,58,37,210,29,53,65
2022-03-19,63,48,199,32,84,51
2022-03-20,58,34,215,31,85,70
2022-03-21,67,38,210,34,104,60
2022-03-22,57,41,197,32,99,51
2022-03-23,66,42,202,30,113,58
2022-03-24,60,43,185,32,117,57
2022-03-25,52,29,181,31,108,54
2022-03-26,52,41,190,30,103,60
2022-03-27,58,39,209,32,92,69
2022-03-28,80,39,214,32,73,52
2022-03-29,58,43,187,37,71,61
2022-03-30,63,33,198,26,72,65
2022-03-31,69,33,191,32,107,67
2022-04-01,72,40,213,35,111,81
2022-04-02,67,35,201,34,120,63
2022-04-03,54,37,189,36,101,49
2022-04-04,56,44,199,33,103,76
2022-04-05,71,46,210,34,103,68
2022-04-06,68,43,191,32,111,63
2022-04-07,68,32,197,31,100,64
2022-04-08,56,38,183,31,91,59
2022-04-09,64,39,227,29,105,67
2022-04-10,82,44,193,35,104,55
2022-04-11,64,35,205,34,86,58
2022-04-12,56,55,215,27,102,62
2022-04-13,66,33,226,35,101,67
2022-04-14,61,28,208,30,108,61
2022-04-15,61,37,199,31,98,79
2022-04-16,69,38,215,34,92,62
2022-04-17,68,46,235,34,98,66
2022-04-18,63,40,191,26,93,61
2022-04-19,67,45,182,32,97,72
2022-04-20,62,36,215,33,100,70
2022-04-21,71,52,200,33,93,70
2022-04-22,65,50,204,32,102,74
2022-04-23,47,42,204,35,114,79
2022-04-24,63,52,170,35,91,63
2022-04-25,69,35,215,31,95,66
2022-04-26,59,35,193,34,112,53
2022-04-27,68,52,221,35,104,63
2022-04-28,59,52,212,32,100,62
2022-04-29,68,39,194,35,97,62
2022-04-30,65,43,227,36,83,48
2022-05-01,72,49,203,31,92,72
2022-05-02,60,42,194,34,90,60
2022-05-03,71,51,175,39,96,57
2022-05-04,56,47,193,31,98,54
2022-05-05,72,42,201,36,106,79
2022-05-06,63,39,179,32,116,53
2022-05-07,66,46,202,37,110,77
2022-05-08,72,66,186,33,103,60
2022-05-09,59,49,211,32,91,65
2022-05-10,58,39,206,36,85,60
2022-05-11,71,37,192,30,103,68
2022-05-12,76,47,179,29,96,67
2022-05-13,61,48,201,33,56,63
2022-05-14,55,47,201,33,95,75
2022-05-15,55,42,203,34,70,51
2022-05-16,56,45,188,31,95,69
2022-05-17,59,56,201,30,108,69
2022-05-18,60,39,189,32,96,63
2022-05-19,61,37,210,32,106,57
2022-05-20,65,51,214,36,97,67
2022-05-21,63,42,203,29,106,77
2022-05-22,73,43,213,34,89,63
2022-05-23,75,42,205,34,88,55
2022-05-24,62,47,198,33,95,70
2022-05-25,60,44,192,31,90,73
2022-05-26,61,48,207,32,87,64
2022-05-27,75,56,214,35,107,54
2022-05-28,68,56,204,38,98,52
2022-05-29,52,40,214,35,103,59
2022-05-30,60,35,208,30,99,67
2022-05-31,69,30,179,39,97,61
2022-06-01,61,34,206,36,102,57
2022-06-02,69,44,217,34,116,73
2022-06-03,67,39,200,32,101,49
2022-06-04,69,57,190,36,87,63
2022-06-05,58,52,236,35,97,87
2022-06-06,72,62,218,34,96,68
2022-06-07,58,54,206,37,108,69
2022-06-08,74,51,186,34,119,57
2022-06-09,71,47,221,33,89,69
2022-06-10,62,55,187,35,120,66
2022-06-11,52,55,216,35,85,67
2022-06-12,69,40,201,38,88,61
2022-06-13,65,37,206,32,63,65
2022-06-14,69,34,221,37,109,79
2022-06-15,62,39,210,37,107,73
2022-06-16,78,55,202,37,111,68
2022-06-17,64,38,228,33,98,66
2022-06-18,64,43,195,34,84,64
2022-06-19,76,48,213,36,102,72
2022-06-20,64,45,203,36,93,59
2022-06-21,68,52,205,35,85,54
2022-06-22,62,58,201,37,106,61
2022-06-23,72,40,196,37,89,75
2022-06-24,53,47,226,37,85,80
2022-06-25,67,48,219,33,118,59
2022-06-26,65,53,178,32,94,75
2022-06-27,70,61,189,33,109,64
2022-06-28,72,46,197,30,90,70
2022-06-29,75,49,213,33,99,82
2022-06-30,70,51,216,37,116,80
2022-07-01,61,58,173,35,93,79
2022-07-02,74,54,213,32,92,70
2022-07-03,67,38,194,30,88,75
2022-07-04,82,42,187,35,111,72
2022-07-05,66,44,182,29,84,77
2022-07-06,57,41,192,33,96,56
2022-07-07,56,47,193,30,80,72
2022-07-08,71,50,197,29,100,66
2022-07-09,79,53,201,31,96,63
2022-07-10,68,37,185,30,85,64
2022-07-11,76,45,207,39,83,72
2022-07-12,68,50,184,32,80,58
2022-07-13,61,34,223,29,87,82
2022-07-14,81,38,200,30,117,65
2022-07-15,80,53,194,29,106,86
2022-07-16,65,67,202,29,96,69
2022-07-17,60,77,246,28,93,81
2022-07-18,68,45,213,31,103,64
2022-07-19,73,53,194,24,72,49
2022-07-20,68,45,213,32,100,89
2022-07-21,71,45,220,35,112,63
2022-07-22,61,38,215,36,80,72
2022-07-23,77,32,243,36,87,80
2022-07-24,62,47,217,31,97,55
2022-07-25,64,59,226,32,94,78
2022-07-26,65,43,198,30,104,65
2022-07-27,63,45,184,38,88,84
2022-07-28,65,48,219,34,83,78
2022-07-29,75,38,221,33,80,75
2022-07-30,69,40,206,35,101,78
2022-07-31,63,51,205,35,101,65
2022-08-01,77,65,226,33,90,61
2022-08-02,59,44,204,33,98,65
2022-08-03,72,58,209,33,115,85
2022-08-04,77,34,221,32,103,70
2022-08-05,78,52,220,34,112,81
2022-08-06,72,44,221,35,95,86
2022-08-07,64,50,216,33,102,80
2022-08-08,65,46,204,38,95,78
2022-08-09,77,51,218,32,88,74
2022-08-10,58,41,216,38,110,79
2022-08-11,67,46,209,36,109,65
2022-08-12,73,57,196,37,101,63
2022-08-13,72,41,227,35,98,60
2022-08-14,65,46,232,36,86,59
2022-08-15,60,42,206,35,98,71
2022-08-16,65,48,208,38,104,76
2022-08-17,73,52,208,33,118,67
2022-08-18,74,44,212,34,104,65
2022-08-19,71,50,217,33,125,79
2022-08-20,63,33,201,40,98,70
2022-08-21,79,37,206,34,88,61
2022-08-22,77,50,199,36,92,79
2022-08-23,59,54,202,36,105,70
2022-08-24,80,70,206,37,103,75
2022-08-25,62,55,208,33,111,65
2022-08-26,69,44,205,32,110,88
2022-08-27,68,52,210,33,114,59
2022-08-28,80,45,215,31,122,72
2022-08-29,67,44,192,37,102,75
2022-08-30,81,37,202,27,105,66
2022-08-31,64,31,241,32,102,70
2022-09-01,73,34,204,26,118,64
2022-09-02,77,54,231,29,100,79
2022-09-03,74,61,186,29,108,63
2022-09-04,72,45,220,29,104,68
2022-09-05,70,25,211,32,93,83
2022-09-06,73,54,217,30,94,74
2022-09-07,69,70,207,27,80,79
2022-09-08,73,78,228,33,89,52
2022-09-09,66,60,217,38,105,69
2022-09-10,72,50,220,32,108,71
2022-09-11,68,29,191,35,97,73
2022-09-12,60,37,208,35,115,72
2022-09-13,61,43,193,36,96,58
2022-09-14,73,61,213,33,113,79
2022-09-15,71,50,219,31,112,82
2022-09-16,85,23,206,33,106,57
2022-09-17,69,42,196,33,86,74
2022-09-18,71,45,216,31,85,74
2022-09-19,67,56,179,31,74,64
2022-09-20,68,67,212,31,101,57
2022-09-21,76,38,214,33,95,69
2022-09-22,77,44,218,34,90,76
2022-09-23,62,37,224,30,101,80
2022-09-24,63,42,223,32,121,58
2022-09-25,67,34,216,34,109,60
2022-09-26,65,51,205,30,100,70
2022-09-27,68,55,195,32,80,72
2022-09-28,75,53,203,30,88,73
2022-09-29,85,44,211,30,92,63
2022-09-30,68,39,211,32,98,68
2022-10-01,69,40,204,33,94,64
2022-10-02,70,58,244,30,93,73
2022-10-03,79,51,228,35,82,81
2022-10-04,56,40,214,33,89,59
2022-10-05,68,53,221,30,109,68
2022-10-06,66,31,212,35,85,75
2022-10-07,76,37,221,31,108,70
2022-10-08,61,47,224,32,99,63
2022-10-09,77,51,197,31,98,68
2022-10-10,66,46,225,34,95,74
2022-10-11,74,52,248,31,94,62
2022-10-12,73,42,191,35,114,74
2022-10-13,68,38,231,31,103,67
2022-10-14,65,33,226,34,103,74
2022-10-15,73,49,212,33,108,67
2022-10-16,72,29,229,34,96,71
2022-10-17,91,48,211,31,107,86
2022-10-18,69,38,224,33,100,66
2022-10-19,64,44,213,32,114,52
2022-10-20,69,39,233,36,89,68
2022-10-21,68,32,220,35,109,86
2022-10-22,73,47,196,34,99,77
2022-10-23,62,45,196,35,118,76
2022-10-24,84,47,229,35,104,75
2022-10-25,74,38,215,35,111,60
2022-10-26,80,39,215,39,108,73
2022-10-27,79,39,193,30,114,66
2022-10-28,68,50,211,35,123,74
2022-10-29,70,45,205,31,87,63
2022-10-30,58,46,189,32,106,76
2022-10-31,69,35,200,33,75,87
2022-11-01,72,39,224,34,95,71
2022-11-02,91,49,201,33,88,70
2022-11-03,81,38,211,33,107,81
2022-11-04,62,39,224,38,71,74
2022-11-05,84,49,210,36,79,68
2022-11-06,69,45,198,29,76,86
2022-11-07,71,52,198,35,87,72
2022-11-08,75,42,211,32,98,72
2022-11-09,77,40,221,39,72,84
2022-11-10,71,43,211,36,93,72
2022-11-11,74,44,217,32,117,70
2022-11-12,73,40,197,37,89,83
2022-11-13,78,33,224,34,75,70
2022-11-14,73,38,207,35,57,69
2022-11-15,80,41,217,35,70,63
2022-11-16,67,33,202,34,88,79
2022-11-17,67,40,214,31,99,68
2022-11-18,74,37,234,33,101,73
2022-11-19,65,47,201,36,55,73
2022-11-20,55,50,179,30,88,65
2022-11-21,80,44,236,35,62,82
2022-11-22,72,56,245,32,71,63
2022-11-23,77,40,191,31,91,68
2022-11-24,60,42,218,35,77,68
2022-11-25,85,35,212,35,85,58
2022-11-26,86,39,230,34,67,69
2022-11-27,65,41,216,32,91,72
2022-11-28,67,41,212,32,96,70
2022-11-29,65,32,207,30,100,71
2022-11-30,82,42,203,32,99,61
2022-12-01,61,47,223,33,88,83
2022-12-02,64,44,220,32,86,84
2022-12-03,70,44,211,36,83,72
2022-12-04,64,37,203,31,76,72
2022-12-05,75,47,194,34,77,75
2022-12-06,62,54,203,35,77,87
2022-12-07,79,41,209,34,81,74
2022-12-08,72,49,209,35,75,65
2022-12-09,62,29,198,38,71,80
2022-12-10,80,33,188,31,82,65
2022-12-11,74,44,189,37,74,71
2022-12-12,69,35,216,31,85,63
2022-12-13,62,48,239,33,76,66
2022-12-14,72,41,217,38,69,87
2022-12-15,71,34,233,33,84,77
2022-12-16,77,38,225,31,71,53
2022-12-17,71,44,225,28,89,76
2022-12-18,75,44,187,35,93,59
2022-12-19,64,40,205,33,66,75
2022-12-20,74,31,217,35,83,71
2022-12-21,73,41,205,35,75,69
2022-12-22,62,33,199,37,90,74
2022-12-23,73,41,202,37,78,71
2022-12-24,76,48,201,36,96,81
2022-12-25,82,43,200,36,79,70
2022-12-26,61,42,192,33,74,76
2022-12-27,85,35,205,35,78,71
2022-12-28,73,30,205,37,79,57
2022-12-29,78,38,210,30,63,69
2022-12-30,65,40,214,34,67,75
2022-12-31,84,37,206,34,86,77
2023-01-01,77,47,197,33,74,64
2023-01-02,81,45,206,31,86,63
2023-01-03,63,39,200,34,86,81
2023-01-04,76,52,211,36,80,59
2023-01-05,78,34,223,33,77,87
2023-01-06,94,41,232,30,53,71
2023-01-07,76,43,209,32,88,74
2023-01-08,63,37,246,28,77,64
2023-01-09,77,32,219,35,73,43
2023-01-10,60,59,210,35,77,93
2023-01-11,70,46,198,31,62,75
2023-01-12,64,52,243,31,67,67
2023-01-13,57,48,213,33,55,81
2023-01-14,75,38,221,34,81,64
2023-01-15,83,51,220,32,74,67
2023-01-16,87,49,216,34,67,78
2023-01-17,68,42,222,33,71,61
2023-01-18,72,34,236,34,81,75
2023-01-19,72,25,198,35,75,81
2023-01-20,74,39,212,34,69,64
2023-01-21,72,43,193,33,79,86
2023-01-22,78,41,206,30,84,67
2023-01-23,67,35,209,34,76,67
2023-01-24,63,37,235,29,81,56
2023-01-25,72,38,208,33,94,80
2023-01-26,73,44,181,37,79,85
2023-01-27,57,48,213,34,78,74
2023-01-28,69,39,213,29,85,69
2023-01-29,76,38,206,35,73,66
2023-01-30,56,59,188,32,72,70
2023-01-31,69,36,204,29,83,68
2023-02-01,79,44,199,33,76,51
2023-02-02,93,33,197,34,64,77
2023-02-03,68,50,226,31,91,75
2023-02-04,69,56,205,34,80,78
2023-02-05,87,49,207,26,64,67
2023-02-06,67,44,204,33,78,56
2023-02-07,75,44,213,33,92,70
2023-02-08,73,45,234,33,106,60
2023-02-09,67,38,198,34,80,76
2023-02-10,54,43,175,30,58,86
2023-02-11,60,43,204,32,77,68
2023-02-12,64,37,219,31,105,76
2023-02-13,68,49,201,31,99,60
2023-02-14,69,37,219,36,76,90
2023-02-15,72,47,202,27,70,73
2023-02-16,73,40,230,35,131,74
2023-02-17,60,37,201,32,98,53
2023-02-18,67,35,208,27,70,72
2023-02-19,64,44,212,33,70,61
2023-02-20,88,34,216,27,88,80
2023-02-21,73,38,217,33,77,74
2023-02-22,79,40,216,36,111,66
2023-02-23,77,49,188,28,106,78
2023-02-24,62,36,198,36,120,69
2023-02-25,60,40,210,34,94,59
2023-02-26,63,46,206,33,107,83
2023-02-27,71,46,198,33,83,56
2023-02-28,73,31,205,34,86,74
2023-03-01,81,45,226,32,91,73
2023-03-02,82,35,224,35,71,53
2023-03-03,67,38,204,31,76,70
2023-03-04,72,40,188,33,80,64
2023-03-05,72,33,234,34,87,60
2023-03-06,51,44,227,33,108,87
2023-03-07,73,47,226,33,109,91
2023-03-08,66,41,219,34,101,61
2023-03-09,87,62,186,31,99,70
2023-03-10,69,36,209,30,91,80
2023-03-11,65,38,215,33,112,66
2023-03-12,70,39,231,37,100,86
2023-03-13,70,42,209,30,81,70
2023-03-14,72,49,192,36,108,84
2023-03-15,63,49,203,32,99,76
2023-03-16,74,39,239,33,90,73
2023-03-17,93,59,213,30,77,71
2023-03-18,79,49,224,34,85,67
2023-03-19,84,51,225,32,96,82
2023-03-20,78,48,211,29,75,72
2023-03-21,75,39,209,34,66,69
2023-03-22,68,39,230,29,62,92
2023-03-23,65,34,194,35,71,58
2023-03-24,82,45,202,34,69,78
2023-03-25,62,54,245,38,92,66
2023-03-26,62,53,212,35,81,56
2023-03-27,78,45,219,34,75,82
2023-03-28,88,34,255,30,73,80
2023-03-29,80,49,211,36,68,62
2023-03-30,71,36,240,32,92,62
2023-03-31,76,26,224,32,104,64
2023-04-01,68,37,201,38,105,89
2023-04-02,68,48,213,33,83,61
2023-04-03,72,50,230,35,60,88
2023-04-04,59,54,246,36,81,55
2023-04-05,83,47,212,30,72,94
2023-04-06,83,46,233,33,117,63
2023-04-07,80,41,209,32,114,79
2023-04-08,68,35,237,32,115,81
2023-04-09,60,38,209,38,108,70
2023-04-10,62,28,220,34,113,85
2023-04-11,79,49,222,36,126,66
2023-04-12,64,48,227,33,112,89
2023-04-13,76,45,238,30,107,71
2023-04-14,80,51,206,36,83,80
2023-04-15,74,39,242,31,91,71
2023-04-16,74,38,216,34,94,76
2023-04-17,89,49,236,34,77,75
2023-04-18,72,66,219,36,107,75
2023-04-19,91,58,246,36,92,81
2023-04-20,63,42,208,36,129,93
2023-04-21,79,35,225,31,97,71
2023-04-22,81,52,200,34,123,72
2023-04-23,62,47,208,36,90,86
2023-04-24,82,55,203,34,116,73
2023-04-25,76,46,240,31,86,77
2023-04-26,95,58,233,31,79,77
2023-04-27,74,33,230,31,85,87
2023-04-28,78,36,203,32,83,78
2023-04-29,81,42,221,36,95,71
2023-04-30,70,41,201,36,76,85
2023-05-01,92,44,199,31,86,73
2023-05-02,64,39,237,30,89,99
2023-05-03,78,47,202,33,102,68
2023-05-04,72,51,221,32,104,87
2023-05-05,73,41,253,30,79,82
2023-05-06,77,40,207,33,116,76
2023-05-07,73,45,239,31,100,81
2023-05-08,88,64,222,33,111,76
2023-05-09,72,70,226,29,106,76
2023-05-10,76,54,224,29,100,72
2023-05-11,92,41,202,29,115,82
2023-05-12,71,39,237,30,119,70
2023-05-13,82,48,247,27,102,70
2023-05-14,77,48,203,33,105,72
2023-05-15,75,49,204,28,100,85
2023-05-16,80,52,200,26,109,76
2023-05-17,75,55,211,29,90,80
2023-05-18,82,49,229,33,100,94
2023-05-19,83,60,218,30,118,72
2023-05-20,69,46,203,34,115,83
2023-05-21,82,31,224,34,70,68
2023-05-22,91,53,215,36,94,66
2023-05-23,94,62,212,32,106,95
2023-05-24,81,50,236,32,108,73
2023-05-25,64,55,218,31,111,49
2023-05-26,74,42,218,35,104,88
2023-05-27,73,50,233,31,111,70
2023-05-28,75,35,248,30,128,89
2023-05-29,75,53,222,34,96,69
2023-05-30,84,60,241,30,112,89
2023-05-31,61,51,218,27,103,70
2023-06-01,76,74,232,34,102,64
2023-06-02,99,64,222,28,94,90
2023-06-03,74,44,212,31,126,64
2023-06-04,96,35,204,32,106,62
2023-06-05,78,45,213,33,115,72
2023-06-06,73,68,211,29,91,73
2023-06-07,60,49,218,31,116,89
2023-06-08,81,50,203,32,89,84
2023-06-09,86,46,226,30,103,74
2023-06-10,65,48,245,31,111,80
2023-06-11,71,50,211,28,122,74
2023-06-12,62,58,202,33,113,76
2023-06-13,69,45,241,27,112,70
2023-06-14,68,30,231,27,80,77
2023-06-15,67,54,210,31,81,67
2023-06-16,77,66,198,28,74,77
2023-06-17,77,53,210,32,91,66
2023-06-18,92,40,199,29,92,84
2023-06-19,82,18,250,29,111,69
2023-06-20,79,38,207,31,103,57
2023-06-21,84,69,242,28,101,73
2023-06-22,77,82,210,29,101,99
2023-06-23,84,84,217,33,110,72
2023-06-24,68,65,217,31,117,96
2023-06-25,84,55,246,29,90,89
2023-06-26,82,32,216,31,113,60
2023-06-27,87,50,193,29,82,79
2023-06-28,62,42,229,37,98,86
2023-06-29,72,42,217,33,103,51
2023-06-30,64,51,225,33,114,84
2023-07-01,78,60,221,32,125,73
2023-07-02,74,57,241,36,89,80
2023-07-03,71,64,238,32,78,65
2023-07-04,86,49,225,33,97,61
2023-07-05,83,44,232,34,121,84
2023-07-06,71,54,255,32,115,64
2023-07-07,79,60,201,28,128,68
2023-07-08,63,25,245,31,94,79
2023-07-09,63,34,243,31,95,70
2023-07-10,63,63,232,32,100,89
2023-07-11,72,63,205,33,95,56
2023-07-12,82,61,216,32,90,54
2023-07-13,70,38,222,33,110,74
2023-07-14,68,60,216,33,110,84
2023-07-15,82,51,234,33,98,81
2023-07-16,80,45,229,30,103,73
2023-07-17,83,57,228,29,99,55
2023-07-18,89,59,222,30,109,83
2023-07-19,60,39,210,30,107,77
2023-07-20,68,59,216,29,119,78
2023-07-21,80,62,190,28,100,72
2023-07-22,68,64,203,29,100,74
2023-07-23,69,53,228,28,87,72
2023-07-24,77,61,240,31,90,66
2023-07-25,70,70,249,37,90,68
2023-07-26,67,61,222,34,91,75
2023-07-27,75,53,221,35,75,68
2023-07-28,60,44,237,31,96,69
2023-07-29,81,31,245,29,83,66
2023-07-30,78,43,223,31,111,66
2023-07-31,87,36,210,33,116,68
2023-08-01,71,53,204,30,117,61
2023-08-02,76,69,214,33,113,83
2023-08-03,76,88,229,35,108,58
2023-08-04,68,60,206,29,99,78
2023-08-05,71,60,253,31,99,60
2023-08-06,71,50,249,29,99,53
2023-08-07,68,66,232,32,105,80
2023-08-08,60,46,229,32,93,73
2023-08-09,82,47,198,30,106,74
2023-08-10,61,51,208,31,105,66
2023-08-11,72,55,191,31,110,72
2023-08-12,72,57,207,30,115,60
2023-08-13,94,63,263,33,114,83
2023-08-14,88,50,214,29,104,73
2023-08-15,63,60,207,32,89,61
2023-08-16,73,50,203,29,112,80
2023-08-17,74,38,237,29,107,71
2023-08-18,74,42,225,31,102,84
2023-08-19,75,62,225,30,107,86
2023-08-20,77,75,186,31,104,79
2023-08-21,72,40,240,28,124,67
2023-08-22,80,42,220,32,93,70
2023-08-23,74,48,221,31,105,65
2023-08-24,77,60,201,31,106,84
2023-08-25,68,39,255,33,106,66
2023-08-26,46,47,214,29,116,68
2023-08-27,64,66,226,33,90,70
2023-08-28,74,74,234,31,101,83
2023-08-29,75,71,226,31,107,67
2023-08-30,84,69,206,31,93,71
2023-08-31,83,54,261,32,88,72
2023-09-01,68,53,222,31,100,70
2023-09-02,83,53,236,32,92,75
2023-09-03,78,56,222,30,91,69
2023-09-04,75,60,229,31,95,67
2023-09-05,82,54,229,30,106,55
2023-09-06,80,49,189,31,107,87
2023-09-07,70,56,190,33,107,85
2023-09-08,73,65,220,33,102,81
2023-09-09,73,48,224,31,97,74
2023-09-10,69,32,210,33,96,78
2023-09-11,83,44,233,31,102,94
2023-09-12,74,60,215,31,90,70
2023-09-13,71,80,198,30,104,79
2023-09-14,97,55,243,34,123,72
2023-09-15,70,19,227,29,100,75
2023-09-16,71,3,208,30,88,60
2023-09-17,69,33,232,32,71,77
2023-09-18,76,77,238,33,100,72
2023-09-19,80,121,191,29,106,69
2023-09-20,75,80,238,32,98,79
2023-09-21,65,61,250,28,106,76
2023-09-22,80,72,199,31,129,59
2023-09-23,83,72,214,31,82,78
2023-09-24,79,45,217,34,119,68
2023-09-25,63,52,221,29,105,67
2023-09-26,72,67,235,29,101,79
2023-09-27,67,44,210,32,107,71
2023-09-28,80,55,212,31,114,82
2023-09-29,76,59,215,31,113,84
2023-09-30,81,48,224,29,121,75
2023-10-01,83,62,227,30,105,82
2023-10-02,72,68,218,29,101,71
2023-10-03,77,61,220,31,109,65
2023-10-04,74,52,213,30,110,63
2023-10-05,80,49,196,31,109,82
2023-10-06,90,36,217,33,108,75
2023-10-07,78,42,231,35,85,77
2023-10-08,71,47,243,29,105,91
2023-10-09,71,52,233,34,105,84
2023-10-10,73,45,214,29,117,77
2023-10-11,86,49,204,30,96,72
2023-10-12,80,57,213,29,131,79
2023-10-13,78,63,207,29,106,80
2023-10-14,88,51,226,29,113,81
2023-10-15,77,39,245,32,93,80
2023-10-16,86,66,243,28,83,85
2023-10-17,82,55,207,28,86,69
2023-10-18,77,49,242,27,87,59
2023-10-19,84,52,231,32,91,79
2023-10-20,87,58,218,29,104,86
2023-10-21,87,43,239,27,81,58
2023-10-22,75,47,205,27,64,85
2023-10-23,62,48,223,35,80,78
2023-10-24,71,51,237,29,83,83
2023-10-25,86,51,203,31,84,79
2023-10-26,62,64,227,30,74,76
2023-10-27,95,42,208,32,77,74
2023-10-28,83,46,210,30,61,89
2023-10-29,62,28,224,29,102,64
2023-10-30,84,37,239,30,109,73
2023-10-31,77,51,233,29,92,67
2023-11-01,61,58,211,31,93,76
2023-11-02,94,57,232,28,105,80
2023-11-03,87,48,199,25,100,74
2023-11-04,85,47,241,22,59,82
2023-11-05,69,42,234,27,66,80
2023-11-06,65,54,245,28,65,77
2023-11-07,67,53,223,25,62,67
2023-11-08,77,42,240,26,66,87
2023-11-09,84,48,251,25,88,76
2023-11-10,70,47,238,24,95,76
2023-11-11,86,46,248,22,100,71
2023-11-12,71,35,229,23,109,72
2023-11-13,84,53,232,23,105,83
2023-11-14,70,55,229,21,87,79
2023-11-15,76,60,233,24,85,87
2023-11-16,75,44,227,23,59,74
2023-11-17,87,46,211,27,70,95
2023-11-18,84,58,236,22,79,71
2023-11-19,59,44,208,20,76,66
2023-11-20,72,63,219,21,70,70
2023-11-21,87,44,226,22,68,70
2023-11-22,84,51,214,24,61,85
2023-11-23,75,55,210,23,60,63
2023-11-24,86,48,244,22,79,86
2023-11-25,74,49,218,26,60,77
2023-11-26,88,50,232,24,55,80
2023-11-27,65,45,209,25,73,70
2023-11-28,77,46,205,26,81,77
2023-11-29,89,39,237,21,68,71
2023-11-30,72,51,223,23,62,75
2023-12-01,64,52,222,24,68,79
2023-12-02,67,50,214,28,69,71
2023-12-03,90,35,232,25,85,82
2023-12-04,85,49,225,24,88,70
2023-12-05,72,43,249,22,85,76
2023-12-06,66,52,228,20,81,67
2023-12-07,75,40,229,23,84,67
2023-12-08,82,49,222,19,68,88
2023-12-09,77,36,215,19,66,77
2023-12-10,65,49,224,21,72,71
2023-12-11,62,54,232,18,62,76
2023-12-12,83,48,244,20,76,84
2023-12-13,81,62,261,20,75,83
2023-12-14,91,45,206,23,59,73
2023-12-15,76,50,258,22,70,72
2023-12-16,65,57,233,23,64,69
2023-12-17,57,57,254,22,70,91
2023-12-18,52,59,214,21,56,75
2023-12-19,56,44,212,19,75,76
2023-12-20,63,48,210,20,73,79
2023-12-21,53,54,240,20,79,78
2023-12-22,50,43,222,23,82,72
2023-12-23,50,48,218,23,77,56
2023-12-24,69,51,227,23,68,60
2023-12-25,60,50,186,24,87,58
2023-12-26,57,54,205,15,75,58
2023-12-27,45,54,228,19,71,54
2023-12-28,45,58,213,27,99,71
2023-12-29,70,76,208,23,86,61
2023-12-30,44,65,217,22,83,68
2023-12-31,49,61,225,22,70,52
2024-01-01,36,65,234,22,60,45
2024-01-02,52,82,238,21,73,61
2024-01-03,41,87,213,20,74,53
2024-01-04,54,69,227,21,79,60
2024-01-05,45,70,231,18,77,49
2024-01-06,45,70,220,20,72,53
2024-01-07,43,64,233,22,66,57
2024-01-08,51,79,223,17,68,63
2024-01-09,53,66,211,17,49,54
2024-01-10,43,72,221,20,60,48
2024-01-11,55,74,239,17,74,50
2024-01-12,35,83,209,23,75,36
2024-01-13,43,82,227,20,69,47
2024-01-14,27,52,212,20,85,49
2024-01-15,29,73,224,19,100,53
2024-01-16,38,63,230,19,87,48
2024-01-17,46,64,216,24,74,58
2024-01-18,32,70,255,19,63,61
2024-01-19,36,73,215,18,58,47
2024-01-20,39,61,230,20,85,37
2024-01-21,40,87,237,18,68,51
2024-01-22,45,48,225,18,75,46
2024-01-23,35,71,259,15,91,39
2024-01-24,31,66,207,17,85,41
2024-01-25,34,85,222,17,69,44
2024-01-26,29,84,236,20,82,40
2024-01-27,32,72,228,18,67,35
2024-01-28,31,85,215,23,84,54
2024-01-29,37,69,193,19,62,36
2024-01-30,28,84,217,22,56,34
2024-01-31,37,68,213,21,71,40
2024-02-01,32,87,223,24,85,38
2024-02-02,39,80,235,20,58,37
2024-02-03,28,91,247,23,64,43
2024-02-04,27,82,219,21,61,45
2024-02-05,50,84,245,22,67,42
2024-02-06,37,85,210,17,70,40
2024-02-07,28,75,248,24,80,46
2024-02-08,29,74,224,17,78,47
2024-02-09,30,71,238,19,67,43
2024-02-10,32,93,230,21,77,47
2024-02-11,38,70,222,20,78,33
2024-02-12,28,102,201,17,74,47
2024-02-13,41,89,189,20,62,53
2024-02-14,32,75,186,24,67,38
2024-02-15,33,98,229,22,93,28
2024-02-16,38,62,231,21,88,43
2024-02-17,33,109,219,23,74,34
2024-02-18,43,104,232,22,65,36
2024-02-19,36,83,237,21,66,48
2024-02-20,33,91,205,21,75,37
2024-02-21,32,96,228,19,70,41
2024-02-22,37,85,214,21,57,46
2024-02-23,45,105,204,23,66,46
2024-02-24,26,86,229,20,81,51
2024-02-25,44,66,206,21,81,43
2024-02-26,38,87,240,23,77,47
2024-02-27,41,70,197,19,63,42
2024-02-28,28,84,219,21,76,40
2024-02-29,36,103,213,18,67,48
2024-03-01,20,101,207,22,76,35
2024-03-02,30,106,196,20,59,43
2024-03-03,53,102,217,20,91,32
2024-03-04,37,91,204,20,89,28
2024-03-05,28,85,191,20,74,36
2024-03-06,35,90,232,23,63,33
2024-03-07,30,107,238,21,84,44
2024-03-08,30,84,188,22,108,53
2024-03-09,29,84,213,21,82,50
2024-03-10,33,100,209,20,66,42
2024-03-11,26,89,237,23,100,37
2024-03-12,36,75,210,21,111,44
2024-03-13,33,97,231,23,90,42
2024-03-14,35,84,228,23,119,36
2024-03-15,38,87,207,18,105,35
2024-03-16,24,81,236,22,127,39
2024-03-17,39,66,227,22,99,36
2024-03-18,22,95,226,24,106,40
2024-03-19,34,66,239,21,109,39
2024-03-20,29,75,204,23,119,36
2024-03-21,26,84,199,20,108,39
2024-03-22,40,80,221,24,99,35
2024-03-23,32,67,248,23,96,45
2024-03-24,33,88,199,21,93,37
2024-03-25,29,78,232,23,102,47
2024-03-26,46,91,214,23,78,38
2024-03-27,36,68,240,24,95,44
2024-03-28,33,85,219,20,83,31
2024-03-29,32,74,229,24,95,34
2024-03-30,25,89,213,22,93,41
2024-03-31,37,95,241,23,105,34
2024-04-01,34,70,247,25,95,43
2024-04-02,29,83,220,25,109,49
2024-04-03,23,86,224,25,112,37
2024-04-04,31,94,232,28,95,46
2024-04-05,30,75,221,22,107,37
2024-04-06,33,70,189,23,124,39
2024-04-07,28,66,220,25,99,42
2024-04-08,28,65,237,24,116,46
2024-04-09,38,109,213,24,109,33
2024-04-10,34,72,220,24,110,33
2024-04-11,40,67,228,21,96,49
2024-04-12,31,89,215,24,106,41
2024-04-13,32,83,231,21,115,38
2024-04-14,31,103,251,25,98,33
2024-04-15,28,124,226,23,93,43
2024-04-16,41,125,230,20,78,46
2024-04-17,32,78,279,22,70,42
2024-04-18,40,102,216,21,77,36
2024-04-19,27,108,223,26,99,46
2024-04-20,27,97,221,23,104,36
2024-04-21,34,88,185,28,104,59
2024-04-22,29,90,199,24,106,52
2024-04-23,19,93,220,28,109,42
2024-04-24,32,90,219,23,105,34
2024-04-25,40,63,210,19,85,31
2024-04-26,47,102,201,23,94,49
2024-04-27,40,81,197,25,103,31
2024-04-28,30,104,230,25,88,37
2024-04-29,26,79,203,26,81,35
2024-04-30,38,74,250,22,124,41
2024-05-01,35,101,222,26,108,34
2024-05-02,38,87,230,24,65,36
2024-05-03,28,81,247,23,77,35
2024-05-04,33,95,236,26,116,44
2024-05-05,29,103,253,21,112,30
2024-05-06,32,88,209,27,103,35
2024-05-07,27,92,239,20,106,42
2024-05-08,35,94,238,21,99,44
2024-05-09,36,95,215,25,104,49
2024-05-10,30,73,229,22,94,46
2024-05-11,30,93,215,24,125,41
2024-05-12,35,94,256,23,97,42
2024-05-13,26,79,242,20,126,59
2024-05-14,27,116,243,25,106,36
2024-05-15,29,78,188,22,109,38
2024-05-16,38,107,222,27,107,44
2024-05-17,35,77,236,29,103,45
2024-05-18,37,95,211,29,116,31
2024-05-19,31,104,227,30,101,36
2024-05-20,35,95,212,27,106,45
2024-05-21,41,81,205,20,102,44
2024-05-22,31,88,224,30,106,43
2024-05-23,33,100,214,23,106,54
2024-05-24,33,80,217,23,118,43
2024-05-25,25,100,222,21,108,35
2024-05-26,28,93,188,28,114,44
2024-05-27,25,90,227,22,103,35
2024-05-28,35,85,238,24,120,37
2024-05-29,39,95,236,30,108,38
2024-05-30,31,96,219,27,101,41
2024-05-31,26,84,197,27,91,36
2024-06-01,29,80,184,25,99,44
2024-06-02,28,68,227,24,113,47
2024-06-03,28,111,253,25,107,39
2024-06-04,27,108,210,26,105,40
2024-06-05,33,122,241,30,101,39
2024-06-06,44,87,230,30,117,43
2024-06-07,35,106,192,28,102,37
2024-06-08,41,86,230,30,98,37
2024-06-09,25,89,219,31,110,43
2024-06-10,32,84,227,24,119,44
2024-06-11,28,104,201,28,106,38
2024-06-12,32,89,225,25,116,46
2024-06-13,38,97,236,32,113,39
2024-06-14,44,127,226,29,99,42
2024-06-15,30,80,224,30,114,39
2024-06-16,28,101,204,27,94,31
2024-06-17,31,94,224,30,96,35
2024-06-18,37,102,215,25,96,33
2024-06-19,37,108,239,26,105,41
2024-06-20,26,88,214,26,108,47
2024-06-21,29,93,201,27,86,33
2024-06-22,33,98,213,29,103,37
2024-06-23,30,97,249,33,96,35
2024-06-24,29,86,211,23,118,46
2024-06-25,26,66,212,19,116,41
2024-06-26,27,100,265,30,95,35
2024-06-27,28,104,226,29,117,32
2024-06-28,28,107,213,25,96,35
2024-06-29,31,96,231,31,99,40
2024-06-30,27,87,230,32,102,31
2024-07-01,17,87,240,24,92,44
2024-07-02,33,117,244,21,131,40
2024-07-03,27,103,222,22,106,33
2024-07-04,30,71,228,29,110,39
2024-07-05,33,79,232,32,89,39
2024-07-06,35,79,222,29,109,40
2024-07-07,29,38,248,25,104,30
2024-07-08,33,13,226,28,99,30
2024-07-09,28,46,237,28,127,42
2024-07-10,32,58,246,27,96,30
2024-07-11,28,161,210,32,130,46
2024-07-12,28,205,200,31,97,40
2024-07-13,35,117,233,34,105,37
2024-07-14,39,116,246,30,109,35
2024-07-15,35,95,220,32,97,32
2024-07-16,28,112,217,26,108,38
2024-07-17,22,128,225,29,120,33
2024-07-18,29,77,237,26,97,36
2024-07-19,30,76,230,32,98,42
2024-07-20,33,92,231,30,96,41
2024-07-21,27,91,220,30,102,41
2024-07-22,28,110,228,31,92,34
2024-07-23,29,108,209,29,95,40
2024-07-24,19,102,216,29,91,38
2024-07-25,23,101,200,30,119,43
2024-07-26,30,71,230,29,79,39
2024-07-27,32,38,232,31,107,43
2024-07-28,23,29,244,26,105,38
2024-07-29,21,49,211,24,100,42
2024-07-30,35,109,216,27,94,45
2024-07-31,25,166,218,30,93,43
2024-08-01,36,164,212,20,94,33
2024-08-02,40,106,224,30,92,44
2024-08-03,27,91,243,24,106,33
2024-08-04,28,77,239,19,100,43
2024-08-05,36,64,257,35,90,41
2024-08-06,23,86,229,26,88,45
2024-08-07,23,133,227,29,75,38
2024-08-08,32,90,210,31,89,38
2024-08-09,30,39,209,31,92,41
2024-08-10,39,46,258,34,110,35
2024-08-11,30,100,197,28,95,31
2024-08-12,39,124,245,28,99,43
2024-08-13,33,98,209,32,89,49
2024-08-14,29,55,239,30,89,42
2024-08-15,27,89,214,28,65,38
2024-08-16,28,110,233,34,85,48
2024-08-17,27,140,203,32,60,37
2024-08-18,34,95,244,28,63,37
2024-08-19,31,96,195,29,83,28
2024-08-20,36,128,224,30,62,52
2024-08-21,29,104,227,26,82,38
2024-08-22,28,71,231,30,84,40
2024-08-23,26,105,235,30,100,47
2024-08-24,23,110,240,30,121,45
2024-08-25,36,106,219,30,96,42
2024-08-26,31,70,233,30,118,41
2024-08-27,42,23,198,34,112,39
2024-08-28,30,23,201,33,131,42
2024-08-29,30,46,241,30,111,34
2024-08-30,36,127,225,35,109,36
2024-08-31,31,188,211,27,80,50
2024-09-01,26,101,241,34,84,35
2024-09-02,33,104,253,31,91,56
2024-09-03,22,104,212,28,128,19
2024-09-04,26,85,248,34,117,33
2024-09-05,44,88,197,28,92,37
2024-09-06,31,98,230,32,106,37
2024-09-07,34,92,215,34,107,32
2024-09-08,31,57,218,30,93,36
2024-09-09,25,76,198,33,112,39
2024-09-10,30,81,192,31,110,30
2024-09-11,38,98,213,37,98,24
2024-09-12,35,83,237,29,109,36
2024-09-13,30,108,220,30,120,30
2024-09-14,26,89,245,28,112,45
2024-09-15,25,87,212,30,109,36
2024-09-16,23,101,214,28,93,47
2024-09-17,35,86,220,26,92,44
2024-09-18,32,76,247,23,122,42
2024-09-19,38,85,218,23,93,45
2024-09-20,30,99,214,35,105,42
2024-09-21,28,78,226,35,105,30
2024-09-22,33,90,226,33,107,37
2024-09-23,30,108,219,27,121,43
2024-09-24,30,88,212,31,111,36
2024-09-25,30,96,210,30,109,46
2024-09-26,38,84,236,27,90,45
2024-09-27,32,99,209,34,112,37
2024-09-28,26,67,210,28,120,40
2024-09-29,28,51,239,30,80,28
2024-09-30,28,36,204,25,71,36
2024-10-01,32,104,218,32,89,39
2024-10-02,25,104,222,27,131,47
2024-10-03,33,116,221,33,86,39
2024-10-04,26,92,234,30,97,30
2024-10-05,39,114,223,30,90,33
2024-10-06,33,102,224,30,85,33
2024-10-07,37,73,214,24,86,37
2024-10-08,42,73,215,27,94,39
2024-10-09,27,93,201,25,112,38
2024-10-10,23,82,218,28,107,29
2024-10-11,23,89,269,28,98,46
2024-10-12,45,85,216,31,115,27
2024-10-13,35,96,260,26,111,48
2024-10-14,25,73,240,31,80,43
2024-10-15,25,65,258,25,76,34
2024-10-16,28,103,226,25,73,37
2024-10-17,30,83,234,29,105,37
2024-10-18,36,88,249,28,98,38
2024-10-19,29,92,240,27,103,34
2024-10-20,38,77,225,31,105,35
2024-10-21,33,78,243,32,75,38
2024-10-22,28,82,225,33,69,40
2024-10-23,32,87,236,34,67,28
2024-10-24,27,91,235,33,102,46
2024-10-25,32,108,243,29,98,40
2024-10-26,29,89,221,26,82,37
2024-10-27,28,63,210,29,87,37
2024-10-28,36,60,213,29,59,42
2024-10-29,38,107,201,30,70,39
2024-10-30,28,90,187,32,71,37
2024-10-31,36,99,217,38,70,37
2024-11-01,34,92,232,37,81,42
2024-11-02,30,95,224,30,97,48
2024-11-03,36,92,216,33,100,22
2024-11-04,28,70,226,32,120,32
2024-11-05,47,92,191,34,111,35
2024-11-06,43,84,180,31,91,48
2024-11-07,32,64,209,33,113,37
2024-11-08,32,80,189,32,99,31
2024-11-09,29,76,255,37,88,38
2024-11-10,31,90,226,33,99,36
2024-11-11,28,96,232,34,111,42
2024-11-12,39,92,210,35,78,43
2024-11-13,36,95,192,31,81,36
2024-11-14,31,82,220,33,72,40
2024-11-15,27,88,237,33,78,25
2024-11-16,39,77,221,32,72,35
2024-11-17,36,90,237,30,67,28
2024-11-18,28,88,229,31,81,31
2024-11-19,30,87,221,29,78,39
2024-11-20,29,89,260,26,75,28
2024-11-21,26,84,241,28,79,35
2024-11-22,33,83,205,31,75,36
2024-11-23,29,92,204,25,63,51
2024-11-24,44,96,236,22,70,45
2024-11-25,35,79,229,30,64,32
2024-11-26,38,54,203,31,59,29
2024-11-27,30,61,231,33,74,31
2024-11-28,31,84,208,28,71,47
2024-11-29,34,78,238,32,58,25
2024-11-30,31,80,209,33,91,33
2024-12-01,30,82,222,29,54,35
2024-12-02,20,86,242,34,68,34
2024-12-03,32,108,226,30,54,31
2024-12-04,29,89,215,31,68,31
2024-12-05,29,80,231,34,88,47
2024-12-06,41,61,196,31,72,31
2024-12-07,30,78,206,33,68,34
2024-12-08,25,87,249,33,66,41
2024-12-09,31,81,227,28,76,38
2024-12-10,40,71,205,32,69,34
2024-12-11,39,73,231,34,73,56
2024-12-12,41,74,247,23,77,10
2024-12-13,34,72,232,29,81,38
2024-12-14,38,82,224,32,77,30
2024-12-15,43,79,240,33,65,33
2024-12-16,29,73,216,30,63,41
2024-12-17,22,77,228,33,66,46
2024-12-18,37,100,222,32,85,40
2024-12-19,22,87,218,33,75,35
2024-12-20,27,77,217,36,64,46
2024-12-21,31,79,236,29,81,38
2024-12-22,27,89,255,29,60,37
2024-12-23,23,85,210,30,50,36
2024-12-24,31,82,227,35,77,39
2024-12-25,31,89,231,35,87,30
2024-12-26,38,75,215,29,72,39
2024-12-27,29,93,220,31,72,38
2024-12-28,33,78,243,33,72,33
2024-12-29,37,71,230,30,56,28
2024-12-30,39,79,236,29,82,35
2024-12-31,34,75,246,32,72,24
2025-01-01,46,79,235,29,75,32
2025-01-02,36,66,252,29,65,33
2025-01-03,21,99,237,35,67,50
2025-01-04,25,88,215,34,77,29
2025-01-05,27,81,213,31,56,30
2025-01-06,32,82,245,30,54,55
2025-01-07,26,76,237,34,63,41
2025-01-08,40,75,261,30,65,32
2025-01-09,27,64,236,27,64,36
2025-01-10,34,95,220,30,68,36
2025-01-11,29,100,250,26,80,37
2025-01-12,44,75,215,37,91,30
2025-01-13,50,82,195,31,64,43
2025-01-14,23,83,232,34,71,39
2025-01-15,39,76,217,29,66,28
2025-01-16,30,89,251,28,74,41
2025-01-17,30,74,212,28,76,37
2025-01-18,19,72,199,26,77,31
2025-01-19,35,89,230,29,65,38
2025-01-20,28,94,247,27,72,38
2025-01-21,35,103,237,27,71,23
2025-01-22,29,102,236,33,59,44
2025-01-23,39,87,219,32,62,36
2025-01-24,38,79,230,28,68,41
2025-01-25,28,101,227,30,89,38
2025-01-26,28,82,241,30,79,37
2025-01-27,38,70,205,33,73,39
2025-01-28,29,92,196,24,60,40
2025-01-29,35,97,228,27,83,45
2025-01-30,27,88,216,27,75,30
2025-01-31,32,76,235,26,78,42
2025-02-01,34,73,233,32,60,24
2025-02-02,37,74,228,38,59,36
2025-02-03,21,101,219,34,78,30
2025-02-04,30,93,196,32,80,29
2025-02-05,27,79,221,32,62,32
2025-02-06,37,82,264,29,77,30
2025-02-07,37,93,204,32,56,30
2025-02-08,32,66,199,33,60,21
2025-02-09,33,74,204,29,75,45
2025-02-10,36,91,217,26,66,41
2025-02-11,30,97,231,34,92,38
2025-02-12,20,95,212,32,100,42
2025-02-13,39,85,219,34,128,42
2025-02-14,36,84,246,30,75,35
2025-02-15,32,94,223,35,70,31
2025-02-16,28,98,225,31,67,36
2025-02-17,38,87,242,29,64,33
2025-02-18,30,94,230,30,83,36
2025-02-19,33,80,218,30,76,40
2025-02-20,37,112,224,31,67,32
2025-02-21,32,82,200,30,83,35
2025-02-22,32,94,220,36,114,32
2025-02-23,25,88,234,29,78,27
2025-02-24,32,93,199,36,68,33
2025-02-25,34,96,207,32,64,34
2025-02-26,34,71,230,30,37,36
2025-02-27,30,93,219,34,70,41
2025-02-28,30,92,238,28,60,35
2025-03-01,22,86,243,34,65,32
2025-03-02,41,83,225,33,60,35
2025-03-03,25,93,222,34,74,35
2025-03-04,33,84,234,31,74,50
2025-03-05,29,78,221,36,71,31
2025-03-06,38,76,225,32,105,30
2025-03-07,35,75,201,26,82,46
2025-03-08,36,97,216,34,104,37
2025-03-09,30,105,191,30,63,34
2025-03-10,33,82,242,28,82,34
2025-03-11,38,76,193,28,74,38
2025-03-12,19,76,246,29,94,34
2025-03-13,38,56,208,31,79,42
2025-03-14,33,59,242,27,94,33
2025-03-15,42,100,207,32,77,37
2025-03-16,31,83,241,32,109,50
2025-03-17,36,73,234,31,76,37
2025-03-18,37,73,216,31,83,29
2025-03-19,41,65,219,31,81,27
2025-03-20,24,80,219,40,113,36
2025-03-21,35,87,232,34,91,42
2025-03-22,29,91,236,32,85,40
2025-03-23,37,71,214,31,79,45
2025-03-24,26,79,242,33,76,41
2025-03-25,35,60,239,30,61,32
2025-03-26,26,90,249,27,56,41
2025-03-27,32,90,229,28,64,34
2025-03-28,40,100,224,27,115,50
2025-03-29,24,89,236,33,110,28
2025-03-30,35,63,230,34,99,41
2025-03-31,41,82,222,31,101,35
2025-04-01,24,78,231,29,117,37
2025-04-02,33,86,237,33,115,36
2025-04-03,41,85,220,31,127,43
2025-04-04,38,80,216,36,105,42
2025-04-05,38,84,234,29,112,39
2025-04-06,26,64,224,33,104,25
2025-04-07,38,90,218,29,96,31
2025-04-08,38,82,227,32,106,28
2025-04-09,34,81,240,32,112,38
2025-04-10,31,65,258,29,99,48
2025-04-11,25,105,231,33,109,38
2025-04-12,31,84,219,33,100,40
2025-04-13,40,82,244,31,96,52
2025-04-14,28,76,248,35,104,35
2025-04-15,28,92,239,32,124,28
2025-04-16,35,99,250,31,101,40
2025-04-17,23,66,206,34,58,40
2025-04-18,32,102,225,34,51,45
2025-04-19,44,79,228,27,76,30
2025-04-20,20,70,238,36,80,31
2025-04-21,44,77,210,36,108,38
2025-04-22,35,81,232,27,124,40
2025-04-23,33,95,217,31,107,39
2025-04-24,32,104,244,29,122,34
2025-04-25,32,92,236,24,102,40
2025-04-26,36,90,219,35,110,30
2025-04-27,27,79,247,33,93,34
2025-04-28,32,82,236,31,94,33
2025-04-29,39,89,232,21,101,59
2025-04-30,28,85,239,33,118,18
2025-05-01,27,60,235,32,101,51
2025-05-02,23,63,249,33,97,35
2025-05-03,41,71,237,35,97,33
2025-05-04,33,101,230,35,77,26
2025-05-05,26,110,229,32,110,35
2025-05-06,31,111,249,33,105,35
2025-05-07,29,97,244,37,64,32
2025-05-08,39,104,235,32,85,39
2025-05-09,35,85,236,29,101,31
2025-05-10,36,64,248,27,113,42
2025-05-11,29,62,218,29,107,27
2025-05-12,33,108,225,26,112,24
2025-05-13,32,87,257,27,99,41
2025-05-14,29,139,233,28,115,42
2025-05-15,35,102,233,27,105,49
2025-05-16,39,123,230,32,98,45
2025-05-17,33,100,243,31,105,35
2025-05-18,37,106,220,33,115,38
2025-05-19,33,84,228,32,114,30
2025-05-20,36,50,245,29,120,50
2025-05-21,38,50,255,33,115,36
2025-05-22,28,66,252,30,103,27
2025-05-23,40,89,237,30,119,37
2025-05-24,29,111,240,32,100,43
2025-05-25,38,103,229,34,106,45
2025-05-26,33,99,223,34,117,30
2025-05-27,39,92,215,19,97,34
2025-05-28,23,101,233,24,82,29
2025-05-29,39,77,256,24,112,44
2025-05-30,37,73,229,27,107,40
2025-05-31,27,84,225,26,94,42
2025-06-01,39,75,229,34,99,37
2025-06-02,40,101,237,31,121,33
2025-06-03,30,112,202,35,94,28
2025-06-04,43,90,217,30,110,35
2025-06-05,32,106,227,34,87,33
2025-06-06,32,106,260,31,71,40
2025-06-07,40,99,241,32,77,34
2025-06-08,30,88,232,28,107,37
2025-06-09,45,88,253,26,133,40
2025-06-10,29,93,240,27,117,37
2025-06-11,35,65,213,26,99,47
2025-06-12,44,83,218,31,98,38
2025-06-13,24,82,234,31,113,42
2025-06-14,36,125,246,35,102,35
2025-06-15,36,103,240,32,102,42
2025-06-16,35,112,228,25,112,30
2025-06-17,24,75,244,30,85,45
2025-06-18,26,88,244,25,124,44
2025-06-19,22,64,244,25,101,34
2025-06-20,27,75,218,33,88,35
2025-06-21,24,117,230,31,118,36
2025-06-22,25,91,230,30,96,34
2025-06-23,29,63,205,26,87,27
2025-06-24,32,88,250,29,108,35
2025-06-25,27,69,227,25,104,28
2025-06-26,29,79,241,31,99,38
2025-06-27,34,66,240,31,116,47
2025-06-28,32,92,237,32,104,35
2025-06-29,19,116,224,34,102,37
2025-06-30,32,145,233,33,93,37
2025-07-01,44,145,232,29,85,36
2025-07-02,34,108,238,23,93,38
2025-07-03,29,98,251,26,83,40
2025-07-04,30,90,229,37,96,29
2025-07-05,25,75,260,36,98,36
2025-07-06,30,71,248,37,76,46
2025-07-07,37,85,243,29,70,44
2025-07-08,35,111,235,37,77,37
2025-07-09,27,124,225,34,91,45
2025-07-10,36,103,219,37,111,40
2025-07-11,37,58,241,33,85,37
2025-07-12,39,77,232,32,106,32
2025-07-13,34,135,214,34,95,33
2025-07-14,26,117,258,32,116,38
2025-07-15,33,102,237,35,109,38
2025-07-16,27,91,237,32,111,39
2025-07-17,35,66,246,34,116,33
2025-07-18,25,58,254,33,81,33
2025-07-19,24,120,242,31,86,39
2025-07-20,23,141,229,32,112,38
2025-07-21,37,102,234,32,88,40
2025-07-22,46,89,251,27,96,50
2025-07-23,18,110,230,28,100,36
2025-07-24,34,85,230,27,88,44
2025-07-25,30,77,220,33,82,37
2025-07-26,32,86,232,30,93,32
2025-07-27,31,109,252,30,102,42
2025-07-28,25,92,237,26,96,44
2025-07-29,27,110,226,26,98,34
2025-07-30,26,95,237,29,110,39
2025-07-31,32,59,223,29,102,29
2025-08-01,37,59,230,32,75,42
2025-08-02,44,134,224,36,103,44
2025-08-03,30,117,224,33,80,35
2025-08-04,32,82,222,26,72,32
2025-08-05,29,93,244,30,105,41
2025-08-06,38,92,195,32,72,35
2025-08-07,27,105,239,26,70,33
2025-08-08,47,100,256,33,75,42
2025-08-09,36,80,238,33,71,47
2025-08-10,39,56,238,35,98,36
2025-08-11,37,96,223,33,101,39
2025-08-12,40,120,254,31,127,37
2025-08-13,47,127,238,33,120,28
2025-08-14,42,93,229,34,104,43
2025-08-15,33,111,251,30,75,41
2025-08-16,25,103,241,27,82,38
2025-08-17,23,102,270,29,127,35
2025-08-18,27,105,244,25,94,43
2025-08-19,33,114,260,33,106,43
2025-08-20,34,102,231,30,86,61
2025-08-21,27,94,222,32,81,25
2025-08-22,27,82,239,35,115,36
2025-08-23,33,48,232,31,87,40
2025-08-24,35,87,247,33,104,45
2025-08-25,30,127,242,36,90,34
2025-08-26,34,144,220,30,82,40
2025-08-27,42,115,234,30,90,34
2025-08-28,34,104,254,31,108,32
2025-08-29,43,96,241,31,101,42
2025-08-30,48,85,260,31,121,31
2025-08-31,33,69,217,27,109,44
2025-09-01,29,95,233,29,114,47
2025-09-02,29,82,231,28,81,37
2025-09-03,38,104,243,33,86,47
2025-09-04,30,82,229,30,61,44
2025-09-05,46,106,252,32,121,37
2025-09-06,35,96,267,32,104,39
2025-09-07,32,79,241,36,101,47
2025-09-08,33,82,246,34,99,35
2025-09-09,35,100,257,33,85,44
2025-09-10,29,114,251,31,86,39
2025-09-11,31,90,234,32,69,49
2025-09-12,39,94,236,29,61,51
2025-09-13,43,92,228,30,61,50
2025-09-14,39,101,250,32,64,47
2025-09-15,35,66,252,27,76,37
2025-09-16,40,61,240,34,99,34
2025-09-17,29,87,263,35,107,44
2025-09-18,36,99,255,33,115,37
2025-09-19,36,144,283,33,77,51
2025-09-20,33,109,230,34,64,39
2025-09-21,31,107,235,30,73,31
2025-09-22,33,97,244,27,63,45
2025-09-23,29,100,255,29,88,40
2025-09-24,24,86,217,38,90,52
2025-09-25,44,107,234,31,62,45
2025-09-26,26,74,249,31,76,36
2025-09-27,43,87,235,33,102,35
2025-09-28,34,85,219,34,124,46
2025-09-29,30,100,181,30,129,39
2025-09-30,27,107,244,30,100,38
2025-10-01,23,118,226,32,116,45
2025-10-02,46,88,255,30,94,42
2025-10-03,33,84,229,34,101,46
2025-10-04,46,124,260,32,118,36
2025-10-05,31,87,239,31,121,42
2025-10-06,39,63,279,33,89,39
2025-10-07,31,87,230,32,101,32
2025-10-08,31,121,245,34,55,42
2025-10-09,41,124,222,33,56,41
2025-10-10,34,110,229,29,69,36
2025-10-11,34,94,280,33,69,40
2025-10-12,28,106,233,32,55,43
2025-10-13,32,102,235,36,71,48
2025-10-14,42,82,257,29,120,43
2025-10-15,29,72,249,34,62,31
2025-10-16,32,72,272,30,51,51
2025-10-17,41,100,236,35,58,50
2025-10-18,46,107,212,30,72,32
2025-10-19,41,75,254,34,82,51
2025-10-20,41,89,262,34,82,47
2025-10-21,55,83,233,35,103,32
2025-10-22,30,93,238,32,116,34
2025-10-23,35,121,215,29,109,49
2025-10-24,29,91,237,31,104,40
2025-10-25,42,94,210,38,101,47
2025-10-26,30,89,265,31,99,50
2025-10-27,24,77,243,30,106,45
2025-10-28,32,104,240,31,103,39
2025-10-29,41,86,244,30,114,36
2025-10-30,38,92,257,30,95,37
2025-10-31,42,81,221,27,80,35
2025-11-01,25,91,228,33,74,45
2025-11-02,43,82,236,35,60,36
2025-11-03,43,82,236,33,51,49
2025-11-04,33,104,257,27,74,39
2025-11-05,31,86,236,32,78,46
2025-11-06,50,71,260,34,69,37
2025-11-07,38,85,238,31,77,52
2025-11-08,42,86,233,33,107,38
2025-11-09,44,81,232,38,71,48
2025-11-10,32,106,242,23,67,48
2025-11-11,41,95,298,30,100,48
2025-11-12,27,75,228,34,70,43
2025-11-13,34,76,237,31,100,44
2025-11-14,28,64,264,29,83,47
2025-11-15,37,75,216,29,69,40
2025-11-16,38,79,242,32,70,45
2025-11-17,40,83,214,29,60,38
2025-11-18,41,94,225,28,72,28
2025-11-19,38,97,254,31,64,44
2025-11-20,47,83,249,31,67,50
2025-11-21,39,95,240,28,49,45
2025-11-22,33,81,255,32,51,34
2025-11-23,47,99,242,29,61,41
2025-11-24,30,87,218,33,46,49
2025-11-25,45,89,226,32,67,47
2025-11-26,38,77,227,37,51,40
2025-11-27,32,104,228,31,49,51
2025-11-28,37,110,216,36,50,44
2025-11-29,33,93,239,35,57,28
2025-11-30,47,85,216,34,57,44
2025-12-01,29,83,215,34,65,54
2025-12-02,42,83,239,34,59,32
2025-12-03,42,84,234,33,51,40
2025-12-04,26,90,264,33,45,44
2025-12-05,39,89,286,36,44,36
2025-12-06,40,81,224,32,68,44
2025-12-07,40,84,228,37,64,34
2025-12-08,19,76,242,32,59,45
2025-12-09,13,74,239,29,82,38
2025-12-10,26,103,248,32,52,31
2025-12-11,24,87,241,30,50,41
2025-12-12,31,89,249,31,41,43
2025-12-13,27,87,241,34,46,43
2025-12-14,37,91,251,30,49,50
2025-12-15,26,102,232,30,47,48
2025-12-16,35,76,262,35,55,34
2025-12-17,40,83,225,33,50,32
2025-12-18,35,71,256,35,55,44
2025-12-19,29,74,241,31,31,51
2025-12-20,23,82,224,32,48,38
2025-12-21,39,64,235,30,54,42
2025-12-22,24,91,213,29,46,45
2025-12-23,34,89,202,29,58,39
2025-12-24,30,78,278,32,65,36
2025-12-25,43,77,254,29,68,46
2025-12-26,30,99,270,31,62,37
2025-12-27,38,78,247,30,66,33
2025-12-28,43,81,233,26,55,33
2025-12-29,42,84,223,28,50,32
2025-12-30,34,108,262,32,66,39
2025-12-31,34,89,238,29,71,38
2026-01-01,29,80,243,26,64,27
2026-01-02,26,89,229,27,51,28
2026-01-03,37,77,237,30,59,38
2026-01-04,31,80,260,26,49,44
2026-01-05,28,99,250,28,61,44
2026-01-06,26,73,271,27,61,41
2026-01-07,42,54,251,32,66,29
2026-01-08,31,100,219,34,62,43
2026-01-09,36,98,229,32,74,39
2026-01-10,36,90,224,32,63,35
2026-01-11,38,93,251,33,64,35
2026-01-12,39,99,255,31,52,36
2026-01-13,32,89,266,34,53,34
2026-01-14,23,84,233,32,61,27
2026-01-15,39,97,237,36,62,37
2026-01-16,37,85,255,35,53,51
2026-01-17,27,88,247,33,38,49
2026-01-18,35,85,227,34,54,45
2026-01-19,33,76,244,32,58,40
2026-01-20,37,94,243,31,58,40
2026-01-21,30,92,251,32,56,26
2026-01-22,30,93,275,27,64,44
2026-01-23,34,83,262,28,48,38
2026-01-24,35,74,242,28,46,37
2026-01-25,40,90,226,34,64,44
2026-01-26,42,108,243,31,43,43
2026-01-27,33,98,233,32,61,50
2026-01-28,36,87,233,22,54,38
2026-01-29,32,94,256,32,72,46
2026-01-30,34,101,228,32,71,41
2026-01-31,31,69,240,28,70,42
2026-02-01,37,75,279,31,49,39
2026-02-02,22,68,255,28,67,38
2026-02-03,35,81,231,29,66,31
2026-02-04,45,96,240,26,43,36
2026-02-05,30,78,257,32,71,36
2026-02-06,32,80,212,31,60,45
2026-02-07,30,67,263,32,60,48
2026-02-08,44,80,240,32,58,49
2026-02-09,32,85,240,29,53,44
2026-02-10,32,98,263,31,65,39
2026-02-11,41,84,221,33,81,45
2026-02-12,34,83,234,35,68,48
2026-02-13,43,78,232,34,103,41
2026-02-14,31,82,237,31,91,44
2026-02-15,34,92,222,34,74,38
2026-02-16,30,104,221,33,54,51
2026-02-17,51,82,229,36,75,42
2026-02-18,41,76,227,32,109,41
2026-02-19,27,103,232,31,115,36
2026-02-20,49,98,226,32,94,34
2026-02-21,38,94,239,36,86,42
2026-02-22,47,114,237,43,127,36
2026-02-23,37,104,248,32,104,44
2026-02-24,43,101,241,34,93,36
2026-02-25,38,70,239,31,116,45
2026-02-26,46,87,247,33,89,46
2026-02-27,36,110,237,32,64,47
2026-02-28,25,67,228,34,57,37
2026-03-01,31,79,241,34,20,36
2026-03-02,29,77,240,35,4,40
2026-03-03,43,105,228,37,4,55
2026-03-04,28,117,244,34,0,42
2026-03-05,32,116,226,36,3,38
2026-03-06,34,79,239,35,2,38
2026-03-07,34,73,236,34,3,51
2026-03-08,47,82,243,36,2,35
2026-03-09,25,105,222,31,2,42
2026-03-10,21,93,226,32,2,37
2026-03-11,40,99,227,33,2,51
2026-03-12,32,83,216,32,1,38
2026-03-13,39,91,227,33,0,40
2026-03-14,29,84,224,37,1,25
2026-03-15,26,92,224,34,7,48
2026-03-16,49,83,197,37,4,33
2026-03-17,34,98,216,37,1,42
2026-03-18,42,107,216,35,0,43
2026-03-19,44,90,229,40,0,43
2026-03-20,32,89,225,28,3,32
2026-03-21,41,91,192,30,0,38
2026-03-22,38,86,208,34,2,47
2026-03-23,28,85,188,32,4,40
2026-03-24,29,87,224,30,2,41
2026-03-25,44,92,207,33,2,51
2026-03-26,38,103,207,33,4,41
2026-03-27,37,86,217,33,2,42
2026-03-28,36,87,188,30,6,45
2026-03-29,38,91,208,35,5,37
2026-03-30,47,80,222,38,6,37
2026-03-31,35,99,229,31,5,43
2026-04-01,42,85,193,34,7,51
2026-04-02,40,89,204,34,1,48
2026-04-03,28,102,230,35,3,35
2026-04-04,39,114,233,38,11,52
2026-04-05,36,66,217,36,4,48
2026-04-06,40,64,217,33,5,37
2026-04-07,38,76,228,29,3,39
2026-04-08,32,116,201,25,3,40
2026-04-09,39,105,232,28,8,34
2026-04-10,32,102,233,36,3,46
2026-04-11,39,93,236,34,7,47
2026-04-12,33,96,213,36,12,43
2026-04-13,34,104,249,38,7,42
2026-04-14,35,106,221,35,5,35
2026-04-15,41,90,234,42,7,43
2026-04-16,48,95,243,38,3,37
2026-04-17,27,96,208,37,8,34
2026-04-18,22,91,208,36,20,35
2026-04-19,43,86,214,38,2,43
2026-04-20,52,66,224,32,3,47
2026-04-21,36,82,212,32,4,47
2026-04-22,36,75,205,35,5,50
2026-04-23,29,121,238,35,3,47
2026-04-24,47,132,214,34,6,32
2026-04-25,39,130,219,37,4,43
2026-04-26,38,82,229,36,3,43
2026-04-27,33,67,231,33,7,34
2026-04-28,36,70,202,36,10,38
2026-04-29,27,75,232,38,39,45
2026-04-30,41,108,218,35,11,49
2026-05-01,42,86,216,37,7,39
2026-05-02,28,123,214,39,6,23
2026-05-03,36,107,216,33,6,33
2026-05-04,45,88,247,40,2,35
2026-05-05,32,84,220,30,0,36
2026-05-06,31,67,225,36,0,40
2026-05-07,25,95,223,36,0,46
2026-05-08,44,95,225,33,0,46
2026-05-09,29,126,222,33,1,44
2026-05-10,32,65,230,36,7,31
2026-05-11,30,35,198,34,7,47
2026-05-12,45,55,233,32,3,41
2026-05-13,38,100,220,34,4,32
2026-05-14,38,119,234,33,10,37
2026-05-15,24,161,217,34,4,42
2026-05-16,38,150,204,35,7,42
2026-05-17,34,101,221,35,3,33
2026-05-18,45,95,200,33,4,38
2026-05-19,45,73,206,34,4,43
2026-05-20,37,112,208,40,8,41
2026-05-21,35,110,219,37,5,37
2026-05-22,38,105,228,32,2,42
2026-05-23,42,80,197,36,6,49
2026-05-24,46,109,231,34,5,37
2026-05-25,37,97,217,31,4,49
2026-05-26,26,82,247,34,4,37
2026-05-27,40,78,216,35,1,29
2026-05-28,42,98,208,32,2,45
2026-05-29,30,88,204,33,1,43
2026-05-30,32,121,198,34,4,44
2026-05-31,33,100,207,29,5,31
2026-06-01,41,109,207,32,2,43
2026-06-02,38,86,198,29,11,45
2026-06-03,31,78,217,32,9,25
2026-06-04,47,69,213,26,3,46
2026-06-05,28,103,192,33,2,44
2026-06-06,41,96,222,31,2,43
2026-06-07,37,100,196,32,2,43
2026-06-08,31,102,223,30,7,49
2026-06-09,38,88,241,25,4,46
2026-06-10,32,105,224,25,3,39
2026-06-11,41,81,220,25,2,36
2026-06-12,41,76,213,24,1,29
2026-06-13,38,79,230,23,0,40
2026-06-14,33,107,225,26,0,40
2026-06-15,35,96,227,24,7,39
2026-06-16,25,97,233,24,10,22
2026-06-17,42,83,207,23,8,30
2026-06-18,41,94,212,35,20,38
2026-06-19,41,95,196,32,9,47
2026-06-20,39,98,226,33,25,41
2026-06-21,37,106,236,36,6,48
2026-06-22,30,110,264,32,16,40
2026-06-23,30,90,235,34,29,48
2026-06-24,37,78,218,27,51,37
2026-06-25,46,91,242,33,46,51
2026-06-26,36,91,234,36,30,39
2026-06-27,32,105,234,33,25,39
2026-06-28,37,80,217,33,16,44
2026-06-29,36,88,191,30,26,34
2026-06-30,38,103,248,32,16,47
2026-07-01,32,100,237,36,29,34
2026-07-02,39,97,210,31,28,44
2026-07-03,31,101,241,34,24,49
2026-07-04,31,69,241,30,17,41
2026-07-05,34,115,236,37,22,46
2026-07-06,29,99,238,29,25,36
2026-07-07,27,97,235,27,26,41
2026-07-08,32,76,249,32,20,44
2026-07-09,29,85,233,32,10,37
2026-07-10,27,88,185,31,7,44
2026-07-11,44,91,221,29,6,48
2026-07-12,41,97,234,34,4,39
2026-07-13,46,103,223,83,10,43
2026-07-14,46,103,225,29,8,34
2026-07-15,40,87,222,28,9,42
2026-07-16,33,95,237,29,6,39
2026-07-17,46,89,242,32,1,44
2026-07-18,40,84,192,31,6,46
2026-07-19,33,90,170,34,4,43
2026-07-20,35,81,215,28,5,36
2026-07-21,26,93,202,30,6,40
2026-07-22,31,101,238,23,6,44
2026-07-23,34,93,241,30,0,46
2026-07-24,30,81,251,31,3,46
2026-07-25,22,91,207,30,2,37
2026-07-26,22,101,236,25,3,42
2026-07-27,30,68,254,30,5,46
2026-07-28,33,69,223,31,5,43
2026-07-29,34,72,217,30,7,39
2026-07-30,38,99,216,33,4,47
2026-07-31,28,123,202,29,8,38
2026-08-01,20,83,216,33,5,42
2026-08-02,30,97,247,27,3,31
2026-08-03,17,83,189,29,6,44
2026-08-04,27,89,215,31,7,35
2026-08-05,14,103,212,31,5,43
2026-08-06,31,85,240,29,2,39
2026-08-07,30,83,220,33,6,43
2026-08-08,25,85,240,28,10,35
2026-08-09,34,83,206,29,3,48
2026-08-10,29,83,223,26,4,43
2026-08-11,25,102,229,30,9,57
2026-08-12,25,69,241,29,3,27
2026-08-13,20,86,222,28,6,40
2026-08-14,31,81,212,31,7,39
2026-08-15,40,123,195,31,1,39
2026-08-16,36,99,178,33,1,41
2026-08-17,29,83,187,23,4,46
2026-08-18,32,79,196,27,6,39
2026-08-19,33,105,203,31,6,45
2026-08-20,29,99,203,27,5,33
2026-08-21,21,95,232,26,4,55
2026-08-22,33,96,213,25,7,39
2026-08-23,29,84,192,28,3,37
